row_index,Ecm,Nproj,det_grid_real,det_grid_imag,local_det_real,local_det_imag,gpu_det_real,gpu_det_imag,abs_cpu_assembled_diff,abs_gpu_assembled_diff,sign_grid,sign_local,sign_gpu
0,2.63100000000000001e-01,11,1.73235718808972642e-18,0.00000000000000000e+00,1.73235718808972642e-18,0.00000000000000000e+00,1.73235718808972623e-18,-0.00000000000000000e+00,0.00000000000000000e+00,1.92592994438723585e-34,1,1,1
1,2.63104845242262131e-01,11,1.65421540494614742e-18,0.00000000000000000e+00,1.65421540494614742e-18,0.00000000000000000e+00,1.65421540494617977e-18,-0.00000000000000000e+00,0.00000000000000000e+00,3.23556230657055623e-32,1,1,1
2,2.63109690484524206e-01,11,1.57981432476086841e-18,0.00000000000000000e+00,1.57981432476086841e-18,0.00000000000000000e+00,1.57981432476087265e-18,-0.00000000000000000e+00,0.00000000000000000e+00,4.23704587765191888e-33,1,1,1
3,2.63114535726786336e-01,11,1.50896495799315985e-18,0.00000000000000000e+00,1.50896495799315985e-18,0.00000000000000000e+00,1.50896495799315195e-18,-0.00000000000000000e+00,0.00000000000000000e+00,7.89631277198766700e-33,1,1,1
4,2.63119380969048466e-01,11,1.44148834704643080e-18,0.00000000000000000e+00,1.44148834704643080e-18,0.00000000000000000e+00,1.44148834704642675e-18,-0.00000000000000000e+00,0.00000000000000000e+00,4.04445288321319529e-33,1,1,1
5,2.63124226211310541e-01,11,1.37721500886152711e-18,0.00000000000000000e+00,1.37721500886152711e-18,0.00000000000000000e+00,1.37721500886153077e-18,-0.00000000000000000e+00,0.00000000000000000e+00,3.65926689433574812e-33,1,1,1
6,2.63129071453572672e-01,11,1.31598440981659377e-18,0.00000000000000000e+00,1.31598440981659377e-18,0.00000000000000000e+00,1.31598440981657605e-18,-0.00000000000000000e+00,0.00000000000000000e+00,1.77185554883625698e-32,1,1,1
7,2.63133916695834802e-01,11,1.25764447101278969e-18,0.00000000000000000e+00,1.25764447101278969e-18,0.00000000000000000e+00,1.25764447101278391e-18,-0.00000000000000000e+00,0.00000000000000000e+00,5.77778983316170756e-33,1,1,1
8,2.63138761938096932e-01,11,1.20205110208387586e-18,0.00000000000000000e+00,1.20205110208387586e-18,0.00000000000000000e+00,1.20205110208387913e-18,-0.00000000000000000e+00,0.00000000000000000e+00,3.27408090545830095e-33,1,1,1
9,2.63143607180359007e-01,11,1.14906776183809921e-18,0.00000000000000000e+00,1.14906776183809921e-18,0.00000000000000000e+00,1.14906776183810152e-18,-0.00000000000000000e+00,0.00000000000000000e+00,2.31111593326468302e-33,1,1,1
10,2.63148452422621137e-01,11,1.09856504412010182e-18,0.00000000000000000e+00,1.09856504412010182e-18,0.00000000000000000e+00,1.09856504412010278e-18,-0.00000000000000000e+00,0.00000000000000000e+00,9.62964972193617927e-34,1,1,1
11,2.63153297664883268e-01,11,1.05042028738431257e-18,0.00000000000000000e+00,1.05042028738431257e-18,0.00000000000000000e+00,1.05042028738430930e-18,-0.00000000000000000e+00,0.00000000000000000e+00,3.27408090545830095e-33,1,1,1
12,2.63158142907145343e-01,11,1.00451720656897588e-18,0.00000000000000000e+00,1.00451720656897588e-18,0.00000000000000000e+00,1.00451720656897184e-18,-0.00000000000000000e+00,0.00000000000000000e+00,4.04445288321319529e-33,1,1,1
13,2.63162988149407473e-01,11,9.60745545941364537e-19,0.00000000000000000e+00,9.60745545941364537e-19,0.00000000000000000e+00,9.60745545941349707e-19,-0.00000000000000000e+00,0.00000000000000000e+00,1.48296605717817161e-32,1,1,1
14,2.63167833391669603e-01,11,9.19000751677426724e-19,0.00000000000000000e+00,9.19000751677426724e-19,0.00000000000000000e+00,9.19000751677428842e-19,-0.00000000000000000e+00,0.00000000000000000e+00,2.11852293882595944e-33,1,1,1
15,2.63172678633931678e-01,11,8.79183663002470474e-19,0.00000000000000000e+00,8.79183663002470474e-19,0.00000000000000000e+00,8.79183663002469896e-19,-0.00000000000000000e+00,0.00000000000000000e+00,5.77778983316170756e-34,1,1,1
16,2.63177523876193808e-01,11,8.41200220791440423e-19,0.00000000000000000e+00,8.41200220791440423e-19,0.00000000000000000e+00,8.41200220791453615e-19,-0.00000000000000000e+00,0.00000000000000000e+00,1.31926201190525656e-32,1,1,1
17,2.63182369118455939e-01,11,8.04961192622449538e-19,0.00000000000000000e+00,8.04961192622449538e-19,0.00000000000000000e+00,8.04961192622440582e-19,-0.00000000000000000e+00,0.00000000000000000e+00,8.95557424140064672e-33,1,1,1
18,2.63187214360718014e-01,11,7.70381913290628436e-19,0.00000000000000000e+00,7.70381913290628436e-19,0.00000000000000000e+00,7.70381913290628340e-19,-0.00000000000000000e+00,0.00000000000000000e+00,9.62964972193617927e-35,1,1,1
19,2.63192059602980144e-01,11,7.37382039891522842e-19,0.00000000000000000e+00,7.37382039891522842e-19,0.00000000000000000e+00,7.37382039891519279e-19,-0.00000000000000000e+00,0.00000000000000000e+00,3.56297039711638633e-33,1,1,1
451,2.65285204260213014e-01,11,8.29699850271949134e-24,0.00000000000000000e+00,8.29699850271949134e-24,0.00000000000000000e+00,8.29699850271949428e-24,-0.00000000000000000e+00,0.00000000000000000e+00,2.93873587705571877e-39,1,1,1
452,2.65290049502475145e-01,11,8.17087718697191884e-24,0.00000000000000000e+00,8.17087718697191884e-24,0.00000000000000000e+00,8.17087718697201141e-24,-0.00000000000000000e+00,0.00000000000000000e+00,9.25701801272551413e-38,1,1,1
453,2.65294894744737220e-01,11,8.04693789267304813e-24,0.00000000000000000e+00,8.04693789267304813e-24,0.00000000000000000e+00,8.04693789267307458e-24,-0.00000000000000000e+00,0.00000000000000000e+00,2.64486228935014689e-38,1,1,1
454,2.65299739986999350e-01,11,7.92513881339346670e-24,0.00000000000000000e+00,7.92513881339346670e-24,0.00000000000000000e+00,7.92513881339346964e-24,-0.00000000000000000e+00,0.00000000000000000e+00,2.93873587705571877e-39,1,1,1
455,2.65304585229261480e-01,11,7.80543901584189051e-24,0.00000000000000000e+00,7.80543901584189051e-24,0.00000000000000000e+00,7.80543901584199484e-24,-0.00000000000000000e+00,0.00000000000000000e+00,1.04325123635478016e-37,1,1,1
456,2.65309430471523555e-01,11,7.68779842020424219e-24,0.00000000000000000e+00,7.68779842020424219e-24,0.00000000000000000e+00,7.68779842020423631e-24,-0.00000000000000000e+00,0.00000000000000000e+00,5.87747175411143754e-39,1,1,1
457,2.65314275713785686e-01,11,7.57217778095102122e-24,0.00000000000000000e+00,7.57217778095102122e-24,0.00000000000000000e+00,7.57217778095109321e-24,-0.00000000000000000e+00,0.00000000000000000e+00,7.19990289878651099e-38,1,1,1
458,2.65319120956047816e-01,11,7.45853866812315617e-24,0.00000000000000000e+00,7.45853866812315617e-24,0.00000000000000000e+00,7.45853866812315323e-24,-0.00000000000000000e+00,0.00000000000000000e+00,2.93873587705571877e-39,1,1,1
459,2.65323966198309891e-01,11,7.34684344903806970e-24,0.00000000000000000e+00,7.34684344903806970e-24,0.00000000000000000e+00,7.34684344903809321e-24,-0.00000000000000000e+00,0.00000000000000000e+00,2.35098870164457502e-38,1,1,1
460,2.65328811440572021e-01,11,7.23705527045850927e-24,0.00000000000000000e+00,7.23705527045850927e-24,0.00000000000000000e+00,7.23705527045840641e-24,-0.00000000000000000e+00,0.00000000000000000e+00,1.02855755696950157e-37,1,1,1
461,2.65333656682834151e-01,14,2.13459373067922774e-08,0.00000000000000000e+00,2.13459373067922774e-08,0.00000000000000000e+00,2.13459373037626622e-08,0.00000000000000000e+00,0.00000000000000000e+00,3.02961516792446810e-18,1,1,1
462,2.65338501925096282e-01,14,1.79038050340379165e-08,0.00000000000000000e+00,1.79038050340379165e-08,0.00000000000000000e+00,1.79038050459299812e-08,0.00000000000000000e+00,0.00000000000000000e+00,1.18920646467645589e-17,1,1,1
463,2.65343347167358357e-01,14,1.50312921169507435e-08,0.00000000000000000e+00,1.50312921169507435e-08,0.00000000000000000e+00,1.50312921197985013e-08,0.00000000000000000e+00,0.00000000000000000e+00,2.84775785589345986e-18,1,1,1
464,2.65348192409620487e-01,14,1.26317809470602703e-08,0.00000000000000000e+00,1.26317809470602703e-08,0.00000000000000000e+00,1.26317809543013002e-08,0.00000000000000000e+00,0.00000000000000000e+00,7.24102989444834727e-18,1,1,1
465,2.65353037651882617e-01,14,1.06254327370996889e-08,0.00000000000000000e+00,1.06254327370996889e-08,0.00000000000000000e+00,1.06254327347876711e-08,0.00000000000000000e+00,0.00000000000000000e+00,2.31201778856124043e-18,1,1,1
466,2.65357882894144692e-01,14,8.94620715354989542e-09,0.00000000000000000e+00,8.94620715354989542e-09,0.00000000000000000e+00,8.94620715230491415e-09,0.00000000000000000e+00,0.00000000000000000e+00,1.24498126814743642e-18,1,1,1
467,2.65362728136406822e-01,14,7.53942299408025685e-09,0.00000000000000000e+00,7.53942299408025685e-09,0.00000000000000000e+00,7.53942299401745399e-09,0.00000000000000000e+00,0.00000000000000000e+00,6.28028608274760732e-20,1,1,1
468,2.65367573378668953e-01,14,6.35975958302381514e-09,0.00000000000000000e+00,6.35975958302381514e-09,0.00000000000000000e+00,6.35975958024284881e-09,0.00000000000000000e+00,0.00000000000000000e+00,2.78096633015225309e-18,1,1,1
469,2.65372418620931028e-01,14,5.36961746138548179e-09,0.00000000000000000e+00,5.36961746138548179e-09,0.00000000000000000e+00,5.36961745849681407e-09,0.00000000000000000e+00,0.00000000000000000e+00,2.88866772744849495e-18,1,1,1
470,2.65377263863193158e-01,14,4.53777256334960664e-09,0.00000000000000000e+00,4.53777256334960664e-09,0.00000000000000000e+00,4.53777256314537244e-09,0.00000000000000000e+00,0.00000000000000000e+00,2.04234201961792745e-19,1,1,1
471,2.65382109105455288e-01,14,3.83827015812493304e-09,0.00000000000000000e+00,3.83827015812493304e-09,0.00000000000000000e+00,3.83827015644711711e-09,0.00000000000000000e+00,0.00000000000000000e+00,1.67781593137499645e-18,1,1,1
1439,2.70072303615180753e-01,14,4.22464959064745668e-27,0.00000000000000000e+00,4.22464959064745668e-27,0.00000000000000000e+00,4.22464959064745739e-27,0.00000000000000000e+00,0.00000000000000000e+00,7.17464813734306340e-43,1,1,1
1440,2.70077148857442884e-01,14,4.63946110669040911e-27,0.00000000000000000e+00,4.63946110669040911e-27,0.00000000000000000e+00,4.63946110669038687e-27,0.00000000000000000e+00,0.00000000000000000e+00,2.22414092257634965e-41,1,1,1
1441,2.70081994099704958e-01,14,5.15918701706749880e-27,0.00000000000000000e+00,5.15918701706749880e-27,0.00000000000000000e+00,5.15918701706761073e-27,0.00000000000000000e+00,0.00000000000000000e+00,1.11924510942551789e-40,1,1,1
1442,2.70086839341967089e-01,14,5.82893691880857690e-27,0.00000000000000000e+00,5.82893691880857690e-27,0.00000000000000000e+00,5.82893691880857475e-27,0.00000000000000000e+00,0.00000000000000000e+00,2.15239444120291902e-42,1,1,1
1443,2.70091684584229219e-01,14,6.72402041327122324e-27,0.00000000000000000e+00,6.72402041327122324e-27,0.00000000000000000e+00,6.72402041327137104e-27,0.00000000000000000e+00,0.00000000000000000e+00,1.47797751629267106e-40,1,1,1
1444,2.70096529826491349e-01,14,7.98029981771229079e-27,0.00000000000000000e+00,7.98029981771229079e-27,0.00000000000000000e+00,7.98029981771232954e-27,0.00000000000000000e+00,0.00000000000000000e+00,3.87430999416525424e-41,1,1,1
1445,2.70101375068753424e-01,14,9.87036009610945480e-27,0.00000000000000000e+00,9.87036009610945480e-27,0.00000000000000000e+00,9.87036009610928404e-27,0.00000000000000000e+00,0.00000000000000000e+00,1.70756625668764909e-40,1,1,1
1446,2.70106220311015555e-01,14,1.30333069049301915e-26,0.00000000000000000e+00,1.30333069049301915e-26,0.00000000000000000e+00,1.30333069049303665e-26,0.00000000000000000e+00,0.00000000000000000e+00,1.75061414551170747e-40,1,1,1
1447,2.70111065553277685e-01,14,1.94027406494817934e-26,0.00000000000000000e+00,1.94027406494817934e-26,0.00000000000000000e+00,1.94027406494820718e-26,0.00000000000000000e+00,0.00000000000000000e+00,2.78376347728910860e-40,1,1,1
1448,2.70115910795539760e-01,14,3.88462575348424622e-26,0.00000000000000000e+00,3.88462575348424622e-26,0.00000000000000000e+00,3.88462575348424048e-26,0.00000000000000000e+00,0.00000000000000000e+00,5.73971850987445072e-41,1,1,1
1449,2.70120756037801890e-01,14,-1.48775521879395264e-24,0.00000000000000000e+00,-1.48775521879395264e-24,0.00000000000000000e+00,-1.48775521879394786e-24,0.00000000000000000e+00,0.00000000000000000e+00,4.77544580021554300e-39,-1,-1,-1
1450,2.70125601280064020e-01,14,-3.60831316963837570e-26,0.00000000000000000e+00,-3.60831316963837570e-26,0.00000000000000000e+00,-3.60831316963836422e-26,0.00000000000000000e+00,0.00000000000000000e+00,1.14794370197489014e-40,-1,-1,-1
1451,2.70130446522326095e-01,14,-1.80533543968955705e-26,0.00000000000000000e+00,-1.80533543968955705e-26,0.00000000000000000e+00,-1.80533543968953323e-26,0.00000000000000000e+00,0.00000000000000000e+00,2.38198318159789705e-40,-1,-1,-1
1452,2.70135291764588226e-01,14,-1.19454352104890325e-26,0.00000000000000000e+00,-1.19454352104890325e-26,0.00000000000000000e+00,-1.19454352104892621e-26,0.00000000000000000e+00,0.00000000000000000e+00,2.29588740394978029e-40,-1,-1,-1
1453,2.70140137006850356e-01,14,-8.87384011829811137e-27,0.00000000000000000e+00,-8.87384011829811137e-27,0.00000000000000000e+00,-8.87384011829808985e-27,0.00000000000000000e+00,0.00000000000000000e+00,2.15239444120291902e-41,-1,-1,-1
1454,2.70144982249112431e-01,14,-7.02587688209671545e-27,0.00000000000000000e+00,-7.02587688209671545e-27,0.00000000000000000e+00,-7.02587688209673984e-27,0.00000000000000000e+00,0.00000000000000000e+00,2.43938036669664156e-41,-1,-1,-1
1455,2.70149827491374561e-01,14,-5.79226936516092254e-27,0.00000000000000000e+00,-5.79226936516092254e-27,0.00000000000000000e+00,-5.79226936516090963e-27,0.00000000000000000e+00,0.00000000000000000e+00,1.29143666472175141e-41,-1,-1,-1
1456,2.70154672733636692e-01,14,-4.91065270690398630e-27,0.00000000000000000e+00,-4.91065270690398630e-27,0.00000000000000000e+00,-4.91065270690399778e-27,0.00000000000000000e+00,0.00000000000000000e+00,1.14794370197489014e-41,-1,-1,-1
1457,2.70159517975898822e-01,14,-4.24943344023718109e-27,0.00000000000000000e+00,-4.24943344023718109e-27,0.00000000000000000e+00,-4.24943344023725571e-27,0.00000000000000000e+00,0.00000000000000000e+00,7.46163406283678594e-41,-1,-1,-1
1458,2.70164363218160897e-01,14,-3.73534122024762831e-27,0.00000000000000000e+00,-3.73534122024762831e-27,0.00000000000000000e+00,-3.73534122024771082e-27,0.00000000000000000e+00,0.00000000000000000e+00,8.25084535794452291e-41,-1,-1,-1
1459,2.70169208460423027e-01,14,-3.32434043702098228e-27,0.00000000000000000e+00,-3.32434043702098228e-27,0.00000000000000000e+00,-3.32434043702105188e-27,0.00000000000000000e+00,0.00000000000000000e+00,6.95940869322277150e-41,-1,-1,-1
2106,2.73304080204010202e-01,14,-7.09790326235406899e-29,0.00000000000000000e+00,-7.09790326235406899e-29,0.00000000000000000e+00,-7.09790326235397370e-29,0.00000000000000000e+00,0.00000000000000000e+00,9.52882955740875608e-43,-1,-1,-1
2107,2.73308925446272333e-01,14,-7.95973140517669652e-29,0.00000000000000000e+00,-7.95973140517669652e-29,0.00000000000000000e+00,-7.95973140517679069e-29,0.00000000000000000e+00,0.00000000000000000e+00,9.41672568026277072e-43,-1,-1,-1
2108,2.73313770688534408e-01,14,-9.05460458541305725e-29,0.00000000000000000e+00,-9.05460458541305725e-29,0.00000000000000000e+00,-9.05460458541310321e-29,0.00000000000000000e+00,0.00000000000000000e+00,4.59625896298539999e-43,-1,-1,-1
2109,2.73318615930796538e-01,14,-1.04914438304270987e-28,0.00000000000000000e+00,-1.04914438304270987e-28,0.00000000000000000e+00,-1.04914438304271166e-28,0.00000000000000000e+00,0.00000000000000000e+00,1.79366203433576585e-43,-1,-1,-1
2110,2.73323461173058668e-01,14,-1.24595619908291716e-28,0.00000000000000000e+00,-1.24595619908291716e-28,0.00000000000000000e+00,-1.24595619908293442e-28,0.00000000000000000e+00,0.00000000000000000e+00,1.72639970804817463e-42,-1,-1,-1
2111,2.73328306415320743e-01,14,-1.53196141633249182e-28,0.00000000000000000e+00,-1.53196141633249182e-28,0.00000000000000000e+00,-1.53196141633249003e-28,0.00000000000000000e+00,0.00000000000000000e+00,1.79366203433576585e-43,-1,-1,-1
2112,2.73333151657582873e-01,14,-1.98541316344550675e-28,0.00000000000000000e+00,-1.98541316344550675e-28,0.00000000000000000e+00,-1.98541316344548814e-28,0.00000000000000000e+00,0.00000000000000000e+00,1.86092436062335707e-42,-1,-1,-1
2113,2.73337996899845004e-01,14,-2.81393319678967626e-28,0.00000000000000000e+00,-2.81393319678967626e-28,0.00000000000000000e+00,-2.81393319678965294e-28,0.00000000000000000e+00,0.00000000000000000e+00,2.33176064463649561e-42,-1,-1,-1
2114,2.73342842142107079e-01,14,-4.81018224031513666e-28,0.00000000000000000e+00,-4.81018224031513666e-28,0.00000000000000000e+00,-4.81018224031520572e-28,0.00000000000000000e+00,0.00000000000000000e+00,6.90559883219269853e-42,-1,-1,-1
2115,2.73347687384369209e-01,14,-1.63242141859074388e-27,0.00000000000000000e+00,-1.63242141859074388e-27,0.00000000000000000e+00,-1.63242141859066029e-27,0.00000000000000000e+00,0.00000000000000000e+00,8.35846508000466886e-41,-1,-1,-1
2116,2.73352532626631339e-01,14,1.18350503691381447e-27,0.00000000000000000e+00,1.18350503691381447e-27,0.00000000000000000e+00,1.18350503691367726e-27,0.00000000000000000e+00,0.00000000000000000e+00,1.37215145626686088e-40,1,1,1
2117,2.73357377868893470e-01,14,4.36040805996148159e-28,0.00000000000000000e+00,4.36040805996148159e-28,0.00000000000000000e+00,4.36040805996139818e-28,0.00000000000000000e+00,0.00000000000000000e+00,8.34052845966131121e-42,1,1,1
2118,2.73362223111155545e-01,14,2.67928332062643884e-28,0.00000000000000000e+00,2.67928332062643884e-28,0.00000000000000000e+00,2.67928332062649534e-28,0.00000000000000000e+00,0.00000000000000000e+00,5.65003540815766243e-42,1,1,1
2119,2.73367068353417675e-01,14,1.93739764507203675e-28,0.00000000000000000e+00,1.93739764507203675e-28,0.00000000000000000e+00,1.93739764507208742e-28,0.00000000000000000e+00,0.00000000000000000e+00,5.06709524699853853e-42,1,1,1
2120,2.73371913595679805e-01,14,1.51959316917506708e-28,0.00000000000000000e+00,1.51959316917506708e-28,0.00000000000000000e+00,1.51959316917507111e-28,0.00000000000000000e+00,0.00000000000000000e+00,4.03573957725547316e-43,1,1,1
2121,2.73376758837941880e-01,14,1.25164928115132469e-28,0.00000000000000000e+00,1.25164928115132469e-28,0.00000000000000000e+00,1.25164928115133119e-28,0.00000000000000000e+00,0.00000000000000000e+00,6.50202487446715121e-43,1,1,1
2122,2.73381604080204010e-01,14,1.06524724553280487e-28,0.00000000000000000e+00,1.06524724553280487e-28,0.00000000000000000e+00,1.06524724553279635e-28,0.00000000000000000e+00,0.00000000000000000e+00,8.51989466309488779e-43,1,1,1
2123,2.73386449322466141e-01,14,9.28118307546792453e-29,0.00000000000000000e+00,9.28118307546792453e-29,0.00000000000000000e+00,9.28118307546787408e-29,0.00000000000000000e+00,0.00000000000000000e+00,5.04467447156934146e-43,1,1,1
2124,2.73391294564728216e-01,14,8.23036669221638209e-29,0.00000000000000000e+00,8.23036669221638209e-29,0.00000000000000000e+00,8.23036669221646505e-29,0.00000000000000000e+00,0.00000000000000000e+00,8.29568690880291706e-43,1,1,1
2125,2.73396139806990346e-01,14,7.39968636388788716e-29,0.00000000000000000e+00,7.39968636388788716e-29,0.00000000000000000e+00,7.39968636388789837e-29,0.00000000000000000e+00,0.00000000000000000e+00,1.12103877145985366e-43,1,1,1
2126,2.73400985049252476e-01,14,6.72673852591522991e-29,0.00000000000000000e+00,6.72673852591522991e-29,0.00000000000000000e+00,6.72673852591526578e-29,0.00000000000000000e+00,0.00000000000000000e+00,3.58732406867153170e-43,1,1,1
2575,2.75576498824941230e-01,14,1.78705611746354651e-32,0.00000000000000000e+00,1.78705611746354651e-32,0.00000000000000000e+00,1.78705611746355253e-32,0.00000000000000000e+00,0.00000000000000000e+00,6.02120433889569835e-47,1,1,1
2576,2.75581344067203360e-01,14,1.76124269445537135e-32,0.00000000000000000e+00,1.76124269445537135e-32,0.00000000000000000e+00,1.76124269445539379e-32,0.00000000000000000e+00,0.00000000000000000e+00,2.24426707177021484e-46,1,1,1
2577,2.75586189309465490e-01,14,1.73586130508482190e-32,0.00000000000000000e+00,1.73586130508482190e-32,0.00000000000000000e+00,1.73586130508481396e-32,0.00000000000000000e+00,0.00000000000000000e+00,7.93704208308978419e-47,1,1,1
2578,2.75591034551727565e-01,14,1.71090370279463667e-32,0.00000000000000000e+00,1.71090370279463667e-32,0.00000000000000000e+00,1.71090370279461642e-32,0.00000000000000000e+00,0.00000000000000000e+00,2.02531418671946217e-46,1,1,1
2579,2.75595879793989695e-01,14,1.68636181872724317e-32,0.00000000000000000e+00,1.68636181872724317e-32,0.00000000000000000e+00,1.68636181872724591e-32,0.00000000000000000e+00,0.00000000000000000e+00,2.73691106313440834e-47,1,1,1
2580,2.75600725036251826e-01,14,1.66222775743474859e-32,0.00000000000000000e+00,1.66222775743474859e-32,0.00000000000000000e+00,1.66222775743475598e-32,0.00000000000000000e+00,0.00000000000000000e+00,7.38965987046290252e-47,1,1,1
2581,2.75605570278513901e-01,14,1.63849379271273934e-32,0.00000000000000000e+00,1.63849379271273934e-32,0.00000000000000000e+00,1.63849379271273606e-32,0.00000000000000000e+00,0.00000000000000000e+00,3.28429327576129001e-47,1,1,1
2582,2.75610415520776031e-01,14,1.61515236353425211e-32,0.00000000000000000e+00,1.61515236353425211e-32,0.00000000000000000e+00,1.61515236353425321e-32,0.00000000000000000e+00,0.00000000000000000e+00,1.09476442525376334e-47,1,1,1
2583,2.75615260763038161e-01,14,1.59219607010545393e-32,0.00000000000000000e+00,1.59219607010545393e-32,0.00000000000000000e+00,1.59219607010547500e-32,0.00000000000000000e+00,0.00000000000000000e+00,2.10742151861349442e-46,1,1,1
2584,2.75620106005300292e-01,14,1.56961767001229854e-32,0.00000000000000000e+00,1.56961767001229854e-32,0.00000000000000000e+00,1.56961767001232017e-32,0.00000000000000000e+00,0.00000000000000000e+00,2.16215973987618259e-46,1,1,1
2585,2.75624951247562366e-01,15,2.66014348871583239e-29,-0.00000000000000000e+00,2.66014348871583239e-29,-0.00000000000000000e+00,2.66014348871581333e-29,-0.00000000000000000e+00,0.00000000000000000e+00,1.90576591148175122e-43,1,1,1
2586,2.75629796489824497e-01,15,2.56861424242996933e-29,-0.00000000000000000e+00,2.56861424242996933e-29,-0.00000000000000000e+00,2.56861424242996484e-29,-0.00000000000000000e+00,0.00000000000000000e+00,4.48415508583941463e-44,1,1,1
2587,2.75634641732086627e-01,15,2.48043363795270468e-29,-0.00000000000000000e+00,2.48043363795270468e-29,-0.00000000000000000e+00,2.48043363795270973e-29,-0.00000000000000000e+00,0.00000000000000000e+00,5.04467447156934146e-44,1,1,1
2588,2.75639486974348702e-01,15,2.39547200801557020e-29,-0.00000000000000000e+00,2.39547200801557020e-29,-0.00000000000000000e+00,2.39547200801556151e-29,-0.00000000000000000e+00,0.00000000000000000e+00,8.68805047881386584e-44,1,1,1
2589,2.75644332216610832e-01,15,2.31360497969732398e-29,-0.00000000000000000e+00,2.31360497969732398e-29,-0.00000000000000000e+00,2.31360497969735396e-29,-0.00000000000000000e+00,0.00000000000000000e+00,2.99877871365510853e-43,1,1,1
2590,2.75649177458872963e-01,15,2.23471324721280551e-29,-0.00000000000000000e+00,2.23471324721280551e-29,-0.00000000000000000e+00,2.23471324721281504e-29,-0.00000000000000000e+00,0.00000000000000000e+00,9.52882955740875608e-44,1,1,1
2591,2.75654022701135037e-01,15,2.15868235490370123e-29,-0.00000000000000000e+00,2.15868235490370123e-29,-0.00000000000000000e+00,2.15868235490368245e-29,-0.00000000000000000e+00,0.00000000000000000e+00,1.87773994219525488e-43,1,1,1
2592,2.75658867943397168e-01,15,2.08540248998904355e-29,-0.00000000000000000e+00,2.08540248998904355e-29,-0.00000000000000000e+00,2.08540248998903402e-29,-0.00000000000000000e+00,0.00000000000000000e+00,9.52882955740875608e-44,1,1,1
2593,2.75663713185659298e-01,15,2.01476828458972125e-29,-0.00000000000000000e+00,2.01476828458972125e-29,-0.00000000000000000e+00,2.01476828458971705e-29,-0.00000000000000000e+00,0.00000000000000000e+00,4.20389539297445121e-44,1,1,1
2594,2.75668558427921373e-01,15,1.94667862660187016e-29,-0.00000000000000000e+00,1.94667862660187016e-29,-0.00000000000000000e+00,1.94667862660187240e-29,-0.00000000000000000e+00,0.00000000000000000e+00,2.24207754291970731e-44,1,1,1
2595,2.75673403670183503e-01,15,1.88103647901465957e-29,-0.00000000000000000e+00,1.88103647901465957e-29,-0.00000000000000000e+00,1.88103647901465957e-29,-0.00000000000000000e+00,0.00000000000000000e+00,0.00000000000000000e+00,1,1,1
3341,2.79287954397719862e-01,15,3.03746702955899609e-34,-0.00000000000000000e+00,3.03746702955899609e-34,-0.00000000000000000e+00,3.03746702955897770e-34,-0.00000000000000000e+00,0.00000000000000000e+00,1.83886212054343060e-48,1,1,1
3342,2.79292799639981992e-01,15,3.35600230376197248e-34,0.00000000000000000e+00,3.35600230376197248e-34,0.00000000000000000e+00,3.35600230376194512e-34,-0.00000000000000000e+00,0.00000000000000000e+00,2.73691106313440834e-48,1,1,1
3343,2.79297644882244123e-01,15,3.76019320551330733e-34,0.00000000000000000e+00,3.76019320551330733e-34,0.00000000000000000e+00,3.76019320551329793e-34,-0.00000000000000000e+00,0.00000000000000000e+00,9.40813177952452867e-49,1,1,1
3344,2.79302490124506253e-01,15,4.28962654319431413e-34,0.00000000000000000e+00,4.28962654319431413e-34,0.00000000000000000e+00,4.28962654319431413e-34,-0.00000000000000000e+00,0.00000000000000000e+00,0.00000000000000000e+00,1,1,1
3345,2.79307335366768328e-01,15,5.01273418464194500e-34,0.00000000000000000e+00,5.01273418464194500e-34,0.00000000000000000e+00,5.01273418464190994e-34,-0.00000000000000000e+00,0.00000000000000000e+00,3.50666729964096069e-48,1,1,1
3346,2.79312180609030458e-01,15,6.05891726828402731e-34,0.00000000000000000e+00,6.05891726828402731e-34,0.00000000000000000e+00,6.05891726828397685e-34,-0.00000000000000000e+00,0.00000000000000000e+00,5.04617977265406538e-48,1,1,1
3347,2.79317025851292589e-01,15,7.70590440625528273e-34,0.00000000000000000e+00,7.70590440625528273e-34,0.00000000000000000e+00,7.70590440625525707e-34,-0.00000000000000000e+00,0.00000000000000000e+00,2.56585412168850782e-48,1,1,1
3348,2.79321871093554663e-01,15,1.06776442891336247e-33,0.00000000000000000e+00,1.06776442891336247e-33,0.00000000000000000e+00,1.06776442891335768e-33,-0.00000000000000000e+00,0.00000000000000000e+00,4.78959436048521460e-48,1,1,1
3349,2.79326716335816794e-01,15,1.76420773312943851e-33,0.00000000000000000e+00,1.76420773312943851e-33,0.00000000000000000e+00,1.76420773312943235e-33,-0.00000000000000000e+00,0.00000000000000000e+00,6.15804989205241877e-48,1,1,1
3350,2.79331561578078924e-01,15,5.30634580504645695e-33,0.00000000000000000e+00,5.30634580504645695e-33,0.00000000000000000e+00,5.30634580504642410e-33,-0.00000000000000000e+00,0.00000000000000000e+00,3.28429327576129001e-47,1,1,1
3351,2.79336406820340999e-01,15,-5.03250427676008320e-33,0.00000000000000000e+00,-5.03250427676008320e-33,0.00000000000000000e+00,-5.03250427676009825e-33,0.00000000000000000e+00,0.00000000000000000e+00,1.50530108472392459e-47,-1,-1,-1
3352,2.79341252062603129e-01,15,-1.68127963964026861e-33,0.00000000000000000e+00,-1.68127963964026861e-33,0.00000000000000000e+00,-1.68127963964027374e-33,0.00000000000000000e+00,0.00000000000000000e+00,5.13170824337701564e-48,-1,-1,-1
3353,2.79346097304865260e-01,15,-1.00009586731361329e-33,0.00000000000000000e+00,-1.00009586731361329e-33,0.00000000000000000e+00,-1.00009586731361688e-33,0.00000000000000000e+00,0.00000000000000000e+00,3.59219577036391095e-48,-1,-1,-1
3354,2.79350942547127334e-01,15,-7.07116666536462649e-34,0.00000000000000000e+00,-7.07116666536462649e-34,0.00000000000000000e+00,-7.07116666536457175e-34,0.00000000000000000e+00,0.00000000000000000e+00,5.47382212626881668e-48,-1,-1,-1
3355,2.79355787789389465e-01,15,-5.44133785758794051e-34,0.00000000000000000e+00,-5.44133785758794051e-34,0.00000000000000000e+00,-5.44133785758794222e-34,0.00000000000000000e+00,0.00000000000000000e+00,1.71056941445900521e-49,-1,-1,-1
3356,2.79360633031651595e-01,15,-4.40372836308662970e-34,0.00000000000000000e+00,-4.40372836308662970e-34,0.00000000000000000e+00,-4.40372836308658181e-34,0.00000000000000000e+00,0.00000000000000000e+00,4.78959436048521460e-48,-1,-1,-1
3357,2.79365478273913670e-01,15,-3.68543425687229853e-34,0.00000000000000000e+00,-3.68543425687229853e-34,0.00000000000000000e+00,-3.68543425687228869e-34,0.00000000000000000e+00,0.00000000000000000e+00,9.83577413313927998e-49,-1,-1,-1
3358,2.79370323516175800e-01,15,-3.15889918686626729e-34,0.00000000000000000e+00,-3.15889918686626729e-34,0.00000000000000000e+00,-3.15889918686626643e-34,0.00000000000000000e+00,0.00000000000000000e+00,8.55284707229502607e-50,-1,-1,-1
3359,2.79375168758437931e-01,15,-2.75652015016806226e-34,0.00000000000000000e+00,-2.75652015016806226e-34,0.00000000000000000e+00,-2.75652015016804087e-34,0.00000000000000000e+00,0.00000000000000000e+00,2.13821176807375652e-48,-1,-1,-1
3360,2.79380014000700005e-01,15,-2.43912755970608901e-34,0.00000000000000000e+00,-2.43912755970608901e-34,0.00000000000000000e+00,-2.43912755970608302e-34,0.00000000000000000e+00,0.00000000000000000e+00,5.98699295060651825e-49,-1,-1,-1
3361,2.79384859242962136e-01,15,-2.18245890178510957e-34,0.00000000000000000e+00,-2.18245890178510957e-34,0.00000000000000000e+00,-2.18245890178512625e-34,0.00000000000000000e+00,0.00000000000000000e+00,1.66780517909753008e-48,-1,-1,-1
3621,2.80644622231111529e-01,15,-6.38884854312577817e-36,0.00000000000000000e+00,-6.38884854312577817e-36,0.00000000000000000e+00,-6.38884854312581559e-36,0.00000000000000000e+00,0.00000000000000000e+00,3.74187059412907390e-50,-1,-1,-1
3622,2.80649467473373659e-01,15,-7.02742098509076998e-36,0.00000000000000000e+00,-7.02742098509076998e-36,0.00000000000000000e+00,-7.02742098509070851e-36,0.00000000000000000e+00,0.00000000000000000e+00,6.14735883321204999e-50,-1,-1,-1
3623,2.80654312715635790e-01,15,-7.84061015799121806e-36,0.00000000000000000e+00,-7.84061015799121806e-36,0.00000000000000000e+00,-7.84061015799116861e-36,0.00000000000000000e+00,0.00000000000000000e+00,4.94461471367056195e-50,-1,-1,-1
3624,2.80659157957897865e-01,15,-8.90999120403676811e-36,0.00000000000000000e+00,-8.90999120403676811e-36,0.00000000000000000e+00,-8.90999120403674673e-36,0.00000000000000000e+00,0.00000000000000000e+00,2.13821176807375652e-50,-1,-1,-1
3625,2.80664003200159995e-01,15,-1.03773718079540621e-35,0.00000000000000000e+00,-1.03773718079540621e-35,0.00000000000000000e+00,-1.03773718079540849e-35,0.00000000000000000e+00,0.00000000000000000e+00,2.27185000357836630e-50,-1,-1,-1
3626,2.80668848442422125e-01,15,-1.25129676267300234e-35,0.00000000000000000e+00,-1.25129676267300234e-35,0.00000000000000000e+00,-1.25129676267300208e-35,0.00000000000000000e+00,0.00000000000000000e+00,2.67276471009219565e-51,-1,-1,-1
3627,2.80673693684684256e-01,15,-1.59032724706861147e-35,0.00000000000000000e+00,-1.59032724706861147e-35,0.00000000000000000e+00,-1.59032724706860078e-35,0.00000000000000000e+00,0.00000000000000000e+00,1.06910588403687826e-49,-1,-1,-1
3628,2.80678538926946330e-01,15,-2.21052108276378380e-35,0.00000000000000000e+00,-2.21052108276378380e-35,0.00000000000000000e+00,-2.21052108276378835e-35,0.00000000000000000e+00,0.00000000000000000e+00,4.54370000715673260e-50,-1,-1,-1
3629,2.80683384169208461e-01,15,-3.70692589792297340e-35,0.00000000000000000e+00,-3.70692589792297340e-35,0.00000000000000000e+00,-3.70692589792296966e-35,0.00000000000000000e+00,0.00000000000000000e+00,3.74187059412907390e-50,-1,-1,-1
3630,2.80688229411470591e-01,15,-1.23761284555227609e-34,0.00000000000000000e+00,-1.23761284555227609e-34,0.00000000000000000e+00,-1.23761284555227930e-34,0.00000000000000000e+00,0.00000000000000000e+00,3.20731765211063478e-49,-1,-1,-1
3631,2.80693074653732666e-01,15,8.72102714777474051e-35,0.00000000000000000e+00,8.72102714777474051e-35,0.00000000000000000e+00,8.72102714777474265e-35,0.00000000000000000e+00,0.00000000000000000e+00,2.13821176807375652e-50,1,1,1
3632,2.80697919895994796e-01,15,3.15666727909900121e-35,-0.00000000000000000e+00,3.15666727909900121e-35,-0.00000000000000000e+00,3.15666727909897341e-35,0.00000000000000000e+00,0.00000000000000000e+00,2.77967529849588347e-49,1,1,1
3633,2.80702765138256927e-01,15,1.90210793157930463e-35,-0.00000000000000000e+00,1.90210793157930463e-35,-0.00000000000000000e+00,1.90210793157929341e-35,0.00000000000000000e+00,0.00000000000000000e+00,1.12256117823872217e-49,1,1,1
3634,2.80707610380519001e-01,15,1.34833247337129722e-35,-0.00000000000000000e+00,1.34833247337129722e-35,-0.00000000000000000e+00,1.34833247337129001e-35,0.00000000000000000e+00,0.00000000000000000e+00,7.21646471724892824e-50,1,1,1
3635,2.80712455622781132e-01,15,1.03656012487805725e-35,-0.00000000000000000e+00,1.03656012487805725e-35,-0.00000000000000000e+00,1.03656012487805417e-35,0.00000000000000000e+00,0.00000000000000000e+00,3.07367941660602499e-50,1,1,1
3636,2.80717300865043262e-01,15,8.36735956720383950e-36,-0.00000000000000000e+00,8.36735956720383950e-36,-0.00000000000000000e+00,8.36735956720383015e-36,0.00000000000000000e+00,0.00000000000000000e+00,9.35467648532268476e-51,1,1,1
3637,2.80722146107305393e-01,15,6.97835418227497231e-36,-0.00000000000000000e+00,6.97835418227497231e-36,-0.00000000000000000e+00,6.97835418227500037e-36,0.00000000000000000e+00,0.00000000000000000e+00,2.80640294559680543e-50,1,1,1
3638,2.80726991349567467e-01,15,5.95750909908752151e-36,-0.00000000000000000e+00,5.95750909908752151e-36,-0.00000000000000000e+00,5.95750909908744467e-36,0.00000000000000000e+00,0.00000000000000000e+00,7.68419854151506248e-50,1,1,1
3639,2.80731836591829598e-01,15,5.17610546813030124e-36,-0.00000000000000000e+00,5.17610546813030124e-36,-0.00000000000000000e+00,5.17610546813029322e-36,0.00000000000000000e+00,0.00000000000000000e+00,8.01829413027658694e-51,1,1,1
3640,2.80736681834091728e-01,15,4.55915557242706593e-36,-0.00000000000000000e+00,4.55915557242706593e-36,-0.00000000000000000e+00,4.55915557242706058e-36,0.00000000000000000e+00,0.00000000000000000e+00,5.34552942018439129e-51,1,1,1
3641,2.80741527076353803e-01,15,4.06001611583827532e-36,-0.00000000000000000e+00,4.06001611583827532e-36,-0.00000000000000000e+00,4.06001611583825928e-36,0.00000000000000000e+00,0.00000000000000000e+00,1.60365882605531739e-50,1,1,1
4437,2.84598339916995846e-01,15,6.87906275279905915e-45,-0.00000000000000000e+00,6.87906275279905915e-45,-0.00000000000000000e+00,6.87906275279893967e-45,-0.00000000000000000e+00,0.00000000000000000e+00,1.19481893334933921e-58,1,1,1
4438,2.84603185159257976e-01,15,6.46545701780308682e-45,-0.00000000000000000e+00,6.46545701780308682e-45,-0.00000000000000000e+00,6.46545701780328222e-45,-0.00000000000000000e+00,0.00000000000000000e+00,1.95402679724839850e-58,1,1,1
4439,2.84608030401520051e-01,15,6.07164150397407350e-45,-0.00000000000000000e+00,6.07164150397407350e-45,-0.00000000000000000e+00,6.07164150397409217e-45,-0.00000000000000000e+00,0.00000000000000000e+00,1.86690458335834251e-59,1,1,1
4440,2.84612875643782182e-01,15,5.69690310088122694e-45,-0.00000000000000000e+00,5.69690310088122694e-45,-0.00000000000000000e+00,5.69690310088116969e-45,-0.00000000000000000e+00,0.00000000000000000e+00,5.72517405563225037e-59,1,1,1
4441,2.84617720886044312e-01,15,5.34054697325476991e-45,-0.00000000000000000e+00,5.34054697325476991e-45,-0.00000000000000000e+00,5.34054697325468030e-45,-0.00000000000000000e+00,0.00000000000000000e+00,8.96114200012004406e-59,1,1,1
4442,2.84622566128306387e-01,15,5.00189621573625182e-45,-0.00000000000000000e+00,5.00189621573625182e-45,-0.00000000000000000e+00,5.00189621573619519e-45,-0.00000000000000000e+00,0.00000000000000000e+00,5.66294390285363895e-59,1,1,1
4443,2.84627411370568517e-01,15,4.68029151409055383e-45,-0.00000000000000000e+00,4.68029151409055383e-45,-0.00000000000000000e+00,4.68029151409056005e-45,-0.00000000000000000e+00,0.00000000000000000e+00,6.22301527786114171e-60,1,1,1
4444,2.84632256612830647e-01,15,4.37509081271513665e-45,-0.00000000000000000e+00,4.37509081271513665e-45,-0.00000000000000000e+00,4.37509081271519017e-45,-0.00000000000000000e+00,0.00000000000000000e+00,5.35179313896058187e-59,1,1,1
4445,2.84637101855092778e-01,15,4.08566898837682473e-45,-0.00000000000000000e+00,4.08566898837682473e-45,-0.00000000000000000e+00,4.08566898837672889e-45,-0.00000000000000000e+00,0.00000000000000000e+00,9.58344352790615823e-59,1,1,1
4446,2.84641947097354853e-01,15,3.81141753003260960e-45,-0.00000000000000000e+00,3.81141753003260960e-45,-0.00000000000000000e+00,3.81141753003255297e-45,-0.00000000000000000e+00,0.00000000000000000e+00,5.66294390285363895e-59,1,1,1
4447,2.84646792339616983e-01,16,3.47123612553812460e-42,0.00000000000000000e+00,3.47123612553812460e-42,0.00000000000000000e+00,3.47123612553823612e-42,0.00000000000000000e+00,0.00000000000000000e+00,1.11516433779271659e-55,1,1,1
4448,2.84651637581879113e-01,16,3.10376945309586130e-42,0.00000000000000000e+00,3.10376945309586130e-42,0.00000000000000000e+00,3.10376945309589762e-42,0.00000000000000000e+00,0.00000000000000000e+00,3.63224955738199119e-56,1,1,1
4449,2.84656482824141188e-01,16,2.77250571979915017e-42,0.00000000000000000e+00,2.77250571979915017e-42,0.00000000000000000e+00,2.77250571979912468e-42,0.00000000000000000e+00,0.00000000000000000e+00,2.54894705781192364e-56,1,1,1
4450,2.84661328066403319e-01,16,2.47408511215042349e-42,0.00000000000000000e+00,2.47408511215042349e-42,0.00000000000000000e+00,2.47408511215042955e-42,0.00000000000000000e+00,0.00000000000000000e+00,6.05374926230331865e-57,1,1,1
4451,2.84666173308665449e-01,16,2.20544653843285181e-42,0.00000000000000000e+00,2.20544653843285181e-42,0.00000000000000000e+00,2.20544653843272372e-42,0.00000000000000000e+00,0.00000000000000000e+00,1.28084589655049163e-55,1,1,1
4452,2.84671018550927524e-01,16,1.96380171568357792e-42,0.00000000000000000e+00,1.96380171568357792e-42,0.00000000000000000e+00,1.96380171568356931e-42,0.00000000000000000e+00,0.00000000000000000e+00,8.60269632011524230e-57,1,1,1
4453,2.84675863793189654e-01,16,1.74661148395229840e-42,0.00000000000000000e+00,1.74661148395229840e-42,0.00000000000000000e+00,1.74661148395229489e-42,0.00000000000000000e+00,0.00000000000000000e+00,3.50480220449139501e-57,1,1,1
4454,2.84680709035451784e-01,16,1.55156415609743977e-42,0.00000000000000000e+00,1.55156415609743977e-42,0.00000000000000000e+00,1.55156415609741332e-42,0.00000000000000000e+00,0.00000000000000000e+00,2.64453257247987078e-56,1,1,1
4455,2.84685554277713859e-01,16,1.37655572793890051e-42,0.00000000000000000e+00,1.37655572793890051e-42,0.00000000000000000e+00,1.37655572793890832e-42,0.00000000000000000e+00,0.00000000000000000e+00,7.80615036454901616e-57,1,1,1
4456,2.84690399519975990e-01,16,1.21967178884192712e-42,0.00000000000000000e+00,1.21967178884192712e-42,0.00000000000000000e+00,1.21967178884195421e-42,0.00000000000000000e+00,0.00000000000000000e+00,2.70825624892516887e-56,1,1,1
4457,2.84695244762238120e-01,16,1.07917098671999353e-42,0.00000000000000000e+00,1.07917098671999353e-42,0.00000000000000000e+00,1.07917098671995434e-42,0.00000000000000000e+00,0.00000000000000000e+00,3.91900610138583260e-56,1,1,1
4666,2.85707900395019754e-01,16,2.32290194084876792e-42,0.00000000000000000e+00,2.32290194084876792e-42,0.00000000000000000e+00,2.32290194084876888e-42,0.00000000000000000e+00,0.00000000000000000e+00,9.55855146679471366e-58,1,1,1
4667,2.85712745637281884e-01,16,2.58675187740972766e-42,0.00000000000000000e+00,2.58675187740972766e-42,0.00000000000000000e+00,2.58675187740974773e-42,0.00000000000000000e+00,0.00000000000000000e+00,2.00729580802688987e-56,1,1,1
4668,2.85717590879543959e-01,16,2.91786332471670963e-42,0.00000000000000000e+00,2.91786332471670963e-42,0.00000000000000000e+00,2.91786332471674977e-42,0.00000000000000000e+00,0.00000000000000000e+00,4.01459161605377974e-56,1,1,1
4669,2.85722436121806089e-01,16,3.34586026361321674e-42,0.00000000000000000e+00,3.34586026361321674e-42,0.00000000000000000e+00,3.34586026361322121e-42,0.00000000000000000e+00,0.00000000000000000e+00,4.46065735117086638e-57,1,1,1
4670,2.85727281364068220e-01,16,3.92075199584606838e-42,0.00000000000000000e+00,3.92075199584606838e-42,0.00000000000000000e+00,3.92075199584611426e-42,0.00000000000000000e+00,0.00000000000000000e+00,4.58810470406146256e-56,1,1,1
4671,2.85732126606330294e-01,16,4.73411138016625537e-42,0.00000000000000000e+00,4.73411138016625537e-42,0.00000000000000000e+00,4.73411138016623180e-42,0.00000000000000000e+00,0.00000000000000000e+00,2.35777602847602937e-56,1,1,1
4672,2.85736971848592425e-01,16,5.97358014073300271e-42,0.00000000000000000e+00,5.97358014073300271e-42,0.00000000000000000e+00,5.97358014073295938e-42,0.00000000000000000e+00,0.00000000000000000e+00,4.33320999828027019e-56,1,1,1
4673,2.85741817090854555e-01,16,8.09363981726298039e-42,0.00000000000000000e+00,8.09363981726298039e-42,0.00000000000000000e+00,8.09363981726296765e-42,0.00000000000000000e+00,0.00000000000000000e+00,1.27447352890596182e-56,1,1,1
4674,2.85746662333116630e-01,16,1.25516002873898034e-41,0.00000000000000000e+00,1.25516002873898034e-41,0.00000000000000000e+00,1.25516002873898009e-41,0.00000000000000000e+00,0.00000000000000000e+00,2.54894705781192364e-57,1,1,1
4675,2.85751507575378760e-01,16,2.79765828724701263e-41,0.00000000000000000e+00,2.79765828724701263e-41,0.00000000000000000e+00,2.79765828724700243e-41,0.00000000000000000e+00,0.00000000000000000e+00,1.01957882312476946e-55,1,1,1
4676,2.85756352817640891e-01,16,-1.21383980346590455e-40,0.00000000000000000e+00,-1.21383980346590455e-40,0.00000000000000000e+00,-1.21383980346589639e-40,0.00000000000000000e+00,0.00000000000000000e+00,8.15663058499815566e-55,-1,-1,-1
4677,2.85761198059902966e-01,16,-1.91250391937777537e-41,0.00000000000000000e+00,-1.91250391937777537e-41,0.00000000000000000e+00,-1.91250391937778353e-41,0.00000000000000000e+00,0.00000000000000000e+00,8.15663058499815566e-56,-1,-1,-1
4678,2.85766043302165096e-01,16,-1.03719197068055323e-41,0.00000000000000000e+00,-1.03719197068055323e-41,0.00000000000000000e+00,-1.03719197068055208e-41,0.00000000000000000e+00,0.00000000000000000e+00,1.14702617601536564e-56,-1,-1,-1
4679,2.85770888544427226e-01,16,-7.11090503473270946e-42,0.00000000000000000e+00,-7.11090503473270946e-42,0.00000000000000000e+00,-7.11090503473269162e-42,0.00000000000000000e+00,0.00000000000000000e+00,1.78426294046834655e-56,-1,-1,-1
4680,2.85775733786689357e-01,16,-5.40708061936653412e-42,0.00000000000000000e+00,-5.40708061936653412e-42,0.00000000000000000e+00,-5.40708061936650991e-42,0.00000000000000000e+00,0.00000000000000000e+00,2.42149970492132746e-56,-1,-1,-1
4681,2.85780579028951431e-01,16,-4.35985757208226974e-42,0.00000000000000000e+00,-4.35985757208226974e-42,0.00000000000000000e+00,-4.35985757208228949e-42,0.00000000000000000e+00,0.00000000000000000e+00,1.97543396980424082e-56,-1,-1,-1
4682,2.85785424271213562e-01,16,-3.65087394427254432e-42,0.00000000000000000e+00,-3.65087394427254432e-42,0.00000000000000000e+00,-3.65087394427254177e-42,0.00000000000000000e+00,0.00000000000000000e+00,2.54894705781192364e-57,-1,-1,-1
4683,2.85790269513475692e-01,16,-3.13895045476371401e-42,0.00000000000000000e+00,-3.13895045476371401e-42,0.00000000000000000e+00,-3.13895045476371337e-42,0.00000000000000000e+00,0.00000000000000000e+00,6.37236764452980911e-58,-1,-1,-1
4684,2.85795114755737767e-01,16,-2.75188338513508092e-42,0.00000000000000000e+00,-2.75188338513508092e-42,0.00000000000000000e+00,-2.75188338513506435e-42,0.00000000000000000e+00,0.00000000000000000e+00,1.65681558757775037e-56,-1,-1,-1
4685,2.85799959997999897e-01,16,-2.44890563708620333e-42,0.00000000000000000e+00,-2.44890563708620333e-42,0.00000000000000000e+00,-2.44890563708621672e-42,0.00000000000000000e+00,0.00000000000000000e+00,1.33819720535125991e-56,-1,-1,-1
4686,2.85804805240262028e-01,16,-2.20525726347477327e-42,0.00000000000000000e+00,-2.20525726347477327e-42,0.00000000000000000e+00,-2.20525726347477232e-42,0.00000000000000000e+00,0.00000000000000000e+00,9.55855146679471366e-58,-1,-1,-1
5863,2.91507655382769126e-01,17,5.48225442523832983e-47,0.00000000000000000e+00,5.48225442523832983e-47,0.00000000000000000e+00,5.48225442523948887e-47,-0.00000000000000000e+00,0.00000000000000000e+00,1.15903659550163764e-59,1,1,1
5864,2.91512500625031257e-01,17,4.76117798655627647e-47,0.00000000000000000e+00,4.76117798655627647e-47,0.00000000000000000e+00,4.76117798655614423e-47,-0.00000000000000000e+00,0.00000000000000000e+00,1.32239074654549261e-60,1,1,1
5865,2.91517345867293387e-01,17,4.08486040999342559e-47,0.00000000000000000e+00,4.08486040999342559e-47,0.00000000000000000e+00,4.08486040999320682e-47,-0.00000000000000000e+00,0.00000000000000000e+00,2.18777880862305763e-60,1,1,1
5866,2.91522191109555462e-01,17,3.45064037027215784e-47,0.00000000000000000e+00,3.45064037027215784e-47,0.00000000000000000e+00,3.45064037027255116e-47,-0.00000000000000000e+00,0.00000000000000000e+00,3.93314012483567472e-60,1,1,1
5867,2.91527036351817592e-01,17,2.85602795939855241e-47,0.00000000000000000e+00,2.85602795939855241e-47,0.00000000000000000e+00,2.85602795939926659e-47,-0.00000000000000000e+00,0.00000000000000000e+00,7.14188237748282591e-60,1,1,1
5868,2.91531881594079723e-01,17,2.29869223041771289e-47,0.00000000000000000e+00,2.29869223041771289e-47,0.00000000000000000e+00,2.29869223041778678e-47,-0.00000000000000000e+00,0.00000000000000000e+00,7.38983064246010578e-61,1,1,1
5869,2.91536726836341797e-01,17,1.77644977237535903e-47,0.00000000000000000e+00,1.77644977237535903e-47,0.00000000000000000e+00,1.77644977237546964e-47,-0.00000000000000000e+00,0.00000000000000000e+00,1.10604373102610136e-60,1,1,1
5870,2.91541572078603928e-01,17,1.28725421974224880e-47,0.00000000000000000e+00,1.28725421974224880e-47,0.00000000000000000e+00,1.28725421974197897e-47,-0.00000000000000000e+00,0.00000000000000000e+00,2.69826053063510441e-60,1,1,1
5871,2.91546417320866058e-01,17,8.29186609687967246e-48,0.00000000000000000e+00,8.29186609687967246e-48,0.00000000000000000e+00,8.29186609687538320e-48,-0.00000000000000000e+00,0.00000000000000000e+00,4.28926189757265021e-60,1,1,1
5872,2.91551262563128133e-01,17,4.00446509599430396e-48,0.00000000000000000e+00,4.00446509599430396e-48,0.00000000000000000e+00,4.00446509599044132e-48,-0.00000000000000000e+00,0.00000000000000000e+00,3.86264502989115397e-60,1,1,1
5873,2.91556107805390263e-01,17,-6.56154881187428551e-51,0.00000000000000000e+00,-6.56154881187428551e-51,0.00000000000000000e+00,-6.56154881415415708e-51,0.00000000000000000e+00,0.00000000000000000e+00,2.27987157240530904e-60,-1,-1,-1
5874,2.91560953047652394e-01,17,-3.75708633714382790e-48,0.00000000000000000e+00,-3.75708633714382790e-48,0.00000000000000000e+00,-3.75708633714557933e-48,0.00000000000000000e+00,0.00000000000000000e+00,1.75143847956990336e-60,-1,-1,-1
5875,2.91565798289914468e-01,17,-7.26202304722646254e-48,0.00000000000000000e+00,-7.26202304722646254e-48,0.00000000000000000e+00,-7.26202304722342760e-48,0.00000000000000000e+00,0.00000000000000000e+00,3.03493538062876384e-60,-1,-1,-1
5876,2.91570643532176599e-01,17,-1.05353909487372600e-47,0.00000000000000000e+00,-1.05353909487372600e-47,0.00000000000000000e+00,-1.05353909487340258e-47,0.00000000000000000e+00,0.00000000000000000e+00,3.23426633874775353e-60,-1,-1,-1
5877,2.91575488774438729e-01,17,-1.35903741639606834e-47,0.00000000000000000e+00,-1.35903741639606834e-47,0.00000000000000000e+00,-1.35903741639623850e-47,0.00000000000000000e+00,0.00000000000000000e+00,1.70160574004015594e-60,-1,-1,-1
5878,2.91580334016700804e-01,17,-1.64393765912467351e-47,0.00000000000000000e+00,-1.64393765912467351e-47,0.00000000000000000e+00,-1.64393765912469053e-47,0.00000000000000000e+00,0.00000000000000000e+00,1.70160574004015594e-61,-1,-1,-1
5879,2.91585179258962934e-01,17,-1.90940727645952891e-47,0.00000000000000000e+00,-1.90940727645952891e-47,0.00000000000000000e+00,-1.90940727645900530e-47,0.00000000000000000e+00,0.00000000000000000e+00,5.23608394863785126e-60,-1,-1,-1
5880,2.91590024501225065e-01,17,-2.15654549881867277e-47,0.00000000000000000e+00,-2.15654549881867277e-47,0.00000000000000000e+00,-2.15654549881876392e-47,0.00000000000000000e+00,0.00000000000000000e+00,9.11574503592940680e-61,-1,-1,-1
5881,2.91594869743487195e-01,17,-2.38638770530975142e-47,0.00000000000000000e+00,-2.38638770530975142e-47,0.00000000000000000e+00,-2.38638770530922829e-47,0.00000000000000000e+00,0.00000000000000000e+00,5.23122221795202225e-60,-1,-1,-1
5882,2.91599714985749270e-01,17,-2.59990948153398457e-47,0.00000000000000000e+00,-2.59990948153398457e-47,0.00000000000000000e+00,-2.59990948153391116e-47,0.00000000000000000e+00,0.00000000000000000e+00,7.34121333560181561e-61,-1,-1,-1
5883,2.91604560228011400e-01,17,-2.79803038882863290e-47,0.00000000000000000e+00,-2.79803038882863290e-47,0.00000000000000000e+00,-2.79803038882851379e-47,0.00000000000000000e+00,0.00000000000000000e+00,1.19112401802810915e-60,-1,-1,-1
7697,3.00393829691484593e-01,18,-4.53268951172193149e-55,0.00000000000000000e+00,-4.53268951172193149e-55,0.00000000000000000e+00,-4.53268951172186991e-55,0.00000000000000000e+00,0.00000000000000000e+00,6.15786177360216441e-69,-1,-1,-1
7698,3.00398674933746668e-01,18,-4.06514173733406808e-55,0.00000000000000000e+00,-4.06514173733406808e-55,0.00000000000000000e+00,-4.06514173733400723e-55,0.00000000000000000e+00,0.00000000000000000e+00,6.08541634097155071e-69,-1,-1,-1
7699,3.00403520176008798e-01,18,-3.59915404347069424e-55,0.00000000000000000e+00,-3.59915404347069424e-55,0.00000000000000000e+00,-3.59915404347074858e-55,0.00000000000000000e+00,0.00000000000000000e+00,5.43340744729602742e-69,-1,-1,-1
7700,3.00408365418270928e-01,18,-3.13471892609063653e-55,0.00000000000000000e+00,-3.13471892609063653e-55,0.00000000000000000e+00,-3.13471892609069666e-55,0.00000000000000000e+00,0.00000000000000000e+00,6.01297090834093701e-69,-1,-1,-1
7701,3.00413210660533003e-01,18,-2.67182891740884095e-55,0.00000000000000000e+00,-2.67182891740884095e-55,0.00000000000000000e+00,-2.67182891740888550e-55,0.00000000000000000e+00,0.00000000000000000e+00,4.45539410678274248e-69,-1,-1,-1
7702,3.00418055902795134e-01,18,-2.21047658568374816e-55,0.00000000000000000e+00,-2.21047658568374816e-55,0.00000000000000000e+00,-2.21047658568382278e-55,0.00000000000000000e+00,0.00000000000000000e+00,7.46187956095321099e-69,-1,-1,-1
7703,3.00422901145057264e-01,18,-1.75065453504947651e-55,0.00000000000000000e+00,-1.75065453504947651e-55,0.00000000000000000e+00,-1.75065453504950947e-55,0.00000000000000000e+00,0.00000000000000000e+00,3.29626718469292330e-69,-1,-1,-1
7704,3.00427746387319339e-01,18,-1.29235540530285621e-55,0.00000000000000000e+00,-1.29235540530285621e-55,0.00000000000000000e+00,-1.29235540530282307e-55,0.00000000000000000e+00,0.00000000000000000e+00,3.31437854285057673e-69,-1,-1,-1
7705,3.00432591629581469e-01,18,-8.35571871715518185e-56,0.00000000000000000e+00,-8.35571871715518185e-56,0.00000000000000000e+00,-8.35571871715520540e-56,0.00000000000000000e+00,0.00000000000000000e+00,2.35447656049494522e-70,-1,-1,-1
7706,3.00437436871843599e-01,18,-3.80296644818826046e-56,0.00000000000000000e+00,-3.80296644818826046e-56,0.00000000000000000e+00,-3.80296644818786065e-56,-0.00000000000000000e+00,0.00000000000000000e+00,3.99808231330199351e-69,-1,-1,-1
7707,3.00442282114105730e-01,18,7.34775297537885159e-57,0.00000000000000000e+00,7.34775297537885159e-57,0.00000000000000000e+00,7.34775297537696009e-57,0.00000000000000000e+00,0.00000000000000000e+00,1.89150496758992955e-69,1,1,1
7708,3.00447127356367805e-01,18,5.25757871487446359e-56,-0.00000000000000000e+00,5.25757871487446359e-56,-0.00000000000000000e+00,5.25757871487493539e-56,0.00000000000000000e+00,0.00000000000000000e+00,4.71800880006871714e-69,1,1,1
7709,3.00451972598629935e-01,18,9.76551565178025371e-56,-0.00000000000000000e+00,9.76551565178025371e-56,-0.00000000000000000e+00,9.76551565178046199e-56,0.00000000000000000e+00,0.00000000000000000e+00,2.08280618813014384e-69,1,1,1
7710,3.00456817840892065e-01,18,1.42586576110741924e-55,-0.00000000000000000e+00,1.42586576110741924e-55,-0.00000000000000000e+00,1.42586576110746289e-55,0.00000000000000000e+00,0.00000000000000000e+00,4.36483731599447536e-69,1,1,1
7711,3.00461663083154140e-01,18,1.87370757522973877e-55,-0.00000000000000000e+00,1.87370757522973877e-55,-0.00000000000000000e+00,1.87370757522976702e-55,0.00000000000000000e+00,0.00000000000000000e+00,2.82537187259393426e-69,1,1,1
7712,3.00466508325416271e-01,18,2.32008408939332027e-55,-0.00000000000000000e+00,2.32008408939332027e-55,-0.00000000000000000e+00,2.32008408939328767e-55,0.00000000000000000e+00,0.00000000000000000e+00,3.26004446837761645e-69,1,1,1
7713,3.00471353567678401e-01,18,2.76500235147744798e-55,-0.00000000000000000e+00,2.76500235147744798e-55,-0.00000000000000000e+00,2.76500235147744254e-55,0.00000000000000000e+00,0.00000000000000000e+00,5.43340744729602742e-70,1,1,1
7714,3.00476198809940476e-01,18,3.20846937561464466e-55,-0.00000000000000000e+00,3.20846937561464466e-55,-0.00000000000000000e+00,3.20846937561469863e-55,0.00000000000000000e+00,0.00000000000000000e+00,5.39718473098072057e-69,1,1,1
7715,3.00481044052202606e-01,18,3.65049214237105464e-55,-0.00000000000000000e+00,3.65049214237105464e-55,-0.00000000000000000e+00,3.65049214237104015e-55,0.00000000000000000e+00,0.00000000000000000e+00,1.44890865261227398e-69,1,1,1
7716,3.00485889294464736e-01,18,4.09107759891373472e-55,-0.00000000000000000e+00,4.09107759891373472e-55,-0.00000000000000000e+00,4.09107759891370719e-55,0.00000000000000000e+00,0.00000000000000000e+00,2.75292643996332056e-69,1,1,1
7717,3.00490734536726811e-01,18,4.53023265920300921e-55,-0.00000000000000000e+00,4.53023265920300921e-55,-0.00000000000000000e+00,4.53023265920311571e-55,0.00000000000000000e+00,0.00000000000000000e+00,1.06494785967002137e-68,1,1,1
