row_index,Ecm,Nproj,det_grid_real,det_grid_imag,local_det_real,local_det_imag,sign_grid,sign_local,in_original_bracket,in_hot_window,dimension_jump_flag
1034,0.26810998049902496,5,2.9366424268645976e-19,-0,2.9366424268645967e-19,-0,1,1,false,false,false
1035,0.26811482574128709,5,2.9258675760209375e-19,-0,2.9258675760209361e-19,-0,1,1,false,false,false
1036,0.26811967098354916,5,2.9150829288025943e-19,-0,2.9150829288025938e-19,-0,1,1,false,false,false
1037,0.26812451622581129,5,2.9042885163525036e-19,-0,2.9042885163525036e-19,-0,1,1,false,false,false
1038,0.26812936146807342,5,2.8934843697116387e-19,-0,2.8934843697116382e-19,-0,1,1,false,false,false
1039,0.2681342067103355,5,2.8826705198189548e-19,-0,2.8826705198189538e-19,-0,1,1,false,false,false
1040,0.26813905195259763,5,2.8718469975110862e-19,-0,2.8718469975110858e-19,-0,1,1,false,false,false
1041,0.26814389719485976,5,2.8610138335235981e-19,-0,2.8610138335235981e-19,-0,1,1,false,false,false
1042,0.26814874243712183,5,2.8501710584904851e-19,-0,2.8501710584904865e-19,-0,1,1,false,false,false
1043,0.26815358767938396,5,2.839318702944416e-19,-0,2.8393187029444145e-19,-0,1,1,false,false,false
1044,0.26815843292164609,5,2.8284567973173378e-19,-0,2.814837582242241e-19,-0,1,1,false,false,false
1045,0.26816327816390817,5,2.8175853719407558e-19,-0,2.7954035600773466e-19,-0,1,1,false,false,false
1046,0.2681681234061703,5,2.806704457045117e-19,-0,2.7845968765955818e-19,-0,1,1,false,false,false
1047,0.26817296864843243,5,2.7958140827612521e-19,-0,2.7737808277985991e-19,-0,1,1,false,false,false
1048,0.26817781389069456,5,2.7849142791197737e-19,-0,2.7629554434697867e-19,-0,1,1,false,false,false
1049,0.26818265913295664,5,2.774005076051675e-19,-0,2.752120753293418e-19,-0,1,1,false,false,false
1050,0.26818750437521877,5,2.7630865033881885e-19,-0,2.7412767868545016e-19,-0,1,1,false,false,false
1051,0.2681923496174809,5,2.7521585908615083e-19,-0,2.7304235736395263e-19,-0,1,1,false,false,false
1052,0.26819719485974297,5,2.7412213681047922e-19,-0,2.7195611430364328e-19,-0,1,1,false,false,false
1053,0.2682020401020051,5,2.7302748646521196e-19,-0,2.7086895243345995e-19,-0,1,1,false,false,false
1054,0.26820688534426723,5,2.7193191099392261e-19,-0,2.6978087467255527e-19,-0,1,1,false,false,false
1055,0.26821173058652931,5,2.7083541333036028e-19,-0,2.6869188393030761e-19,-0,1,1,false,false,false
1056,0.26821657582879144,5,2.6973799639842071e-19,-0,2.676019831062921e-19,-0,1,1,false,false,false
1057,0.26822142107105357,5,2.6863966311224724e-19,-0,2.6651117509038227e-19,-0,1,1,false,false,false
1058,0.26822626631331564,5,2.6754041637621931e-19,-0,2.6541946276273686e-19,-0,1,1,false,false,false
1059,0.26823111155557777,5,2.6644025908492531e-19,-0,2.6432684899377265e-19,-0,1,1,false,false,false
1060,0.2682359567978399,5,2.6533919412328389e-19,-0,2.6323333664428809e-19,-0,1,1,false,false,false
1061,0.26824080204010203,5,2.6423722436650287e-19,-0,2.6213892856541959e-19,-0,1,1,false,false,false
1062,0.26824564728236411,5,2.6313435268012342e-19,-0,2.6104362759868682e-19,-0,1,1,false,false,false
1063,0.26825049252462624,5,2.6203058191999022e-19,-0,2.5994743657596198e-19,-0,1,1,false,false,false
1064,0.26825533776688837,5,2.6092591493236323e-19,-0,2.5885035831958246e-19,-0,1,1,false,false,false
1065,0.26826018300915044,5,2.5982035455391251e-19,-0,2.577523956423454e-19,-0,1,1,false,false,false
1066,0.26826502825141257,5,2.587139036116566e-19,-0,2.5665355134744582e-19,-0,1,1,false,false,false
1067,0.2682698734936747,5,2.5760656492310717e-19,-0,2.5555382822862037e-19,-0,1,1,false,false,false
1068,0.26827471873593678,5,2.5649834129623519e-19,-0,2.5445322907011476e-19,-0,1,1,false,false,false
1069,0.26827956397819891,5,2.553892355294674e-19,-0,2.5335175664668035e-19,-0,1,1,false,false,false
1070,0.26828440922046104,5,2.5427925041175909e-19,-0,2.5224941372364477e-19,-0,1,1,false,false,false
1071,0.26828925446272311,5,2.531683887226048e-19,-0,2.5114620305692445e-19,-0,1,1,false,false,false
1072,0.26829409970498524,5,2.52056653232009e-19,-0,2.5004212739299541e-19,-0,1,1,false,false,false
1073,0.26829894494724738,5,2.5094404670059611e-19,-0,2.4893718946900171e-19,-0,1,1,false,false,false
1074,0.26830379018950945,5,2.4983057187957269e-19,-0,2.4783139201271809e-19,-0,1,1,false,false,false
1075,0.26830863543177158,5,2.4871623151074092e-19,-0,2.467247377425651e-19,-0,1,1,false,false,false
1076,0.26831348067403371,5,2.4760102832658266e-19,-0,2.4561722936768971e-19,-0,1,1,false,false,false
1077,0.26831832591629584,5,2.464849650502234e-19,-0,2.4450886958793274e-19,-0,1,1,false,false,false
1078,0.26832317115855792,5,2.4536804439548517e-19,-0,2.4339966109387945e-19,-0,1,1,false,false,false
1079,0.26832801640082005,5,2.4425026906687217e-19,-0,2.4228960656684502e-19,-0,1,1,false,false,false
1080,0.26833286164308218,5,2.4313164175964927e-19,-0,2.4117870867895535e-19,-0,1,1,false,false,false
1081,0.26833770688534425,5,2.4201216515984388e-19,-0,2.4006697009314564e-19,-0,1,1,false,false,false
1082,0.26834255212760638,5,2.408918419442072e-19,-0,2.3895439346312397e-19,-0,1,1,false,false,false
1083,0.26834739736986851,5,2.3977067478033361e-19,-0,2.3784098143348973e-19,-0,1,1,false,false,false
1084,0.26835224261213059,5,2.3864866632663573e-19,-0,2.3672673663970779e-19,-0,1,1,false,false,false
1085,0.26835708785439272,5,2.3752581923233714e-19,-0,2.3561166170810406e-19,-0,1,1,false,false,false
1086,0.26836193309665485,5,2.3640213613755236e-19,-0,2.3449575925594116e-19,-0,1,1,false,false,false
1087,0.26836677833891692,5,2.3527761967328791e-19,-0,2.3337903189142233e-19,-0,1,1,false,false,false
1088,0.26837162358117905,5,2.3415227246141873e-19,-0,2.3226148221366793e-19,-0,1,1,false,false,false
1089,0.26837646882344118,5,2.3302609711478581e-19,-0,2.3114311281281132e-19,-0,1,1,false,false,false
1090,0.26838131406570326,5,2.3189909623718912e-19,-0,2.30023926269992e-19,-0,1,1,false,false,false
1091,0.26838615930796539,5,2.3077127242335253e-19,-0,2.2890392515732232e-19,-0,1,1,false,false,false
1092,0.26839100455022752,5,2.2964262825904373e-19,-0,2.2778311203800538e-19,-0,1,1,false,false,false
1093,0.26839584979248965,5,2.2851316632102718e-19,-0,2.2666148946628808e-19,-0,1,1,false,false,false
1094,0.26840069503475172,5,2.2738288917712688e-19,-0,2.2553905998752484e-19,-0,1,1,false,false,false
1095,0.26840554027701385,5,2.2625179938618622e-19,-0,2.2441582613813675e-19,-0,1,1,false,false,false
1096,0.26841038551927598,5,2.2511989949816389e-19,-0,2.2329179044570695e-19,-0,1,1,false,false,false
1097,0.26841523076153806,5,2.2398719205413148e-19,-0,2.2216695542897982e-19,-0,1,1,false,false,false
1098,0.26842007600380019,5,2.2285367958624443e-19,-0,2.2104132359782933e-19,-0,1,1,false,false,false
1099,0.26842492124606232,5,2.2171936461783824e-19,-0,2.1991489745335752e-19,-0,1,1,false,false,false
1100,0.2684297664883244,5,2.2058424966343189e-19,-0,2.1878767948789626e-19,-0,1,1,false,false,false
1101,0.26843461173058653,5,2.1944833722867916e-19,-0,2.1765967218495977e-19,-0,1,1,false,false,false
1102,0.26843945697284866,5,2.1831162981049776e-19,-0,2.1653087801937237e-19,-0,1,1,false,false,false
1103,0.26844430221511073,5,2.1717412989703112e-19,-0,2.1540129945723156e-19,-0,1,1,false,false,false
1104,0.26844914745737286,5,2.1603583996763999e-19,-0,2.1427093895589836e-19,-0,1,1,false,false,false
1105,0.26845399269963499,5,2.1489676249300262e-19,-0,2.1313979896409812e-19,-0,1,1,false,false,false
1106,0.26845883794189712,5,2.1375689993508115e-19,-0,2.1200788192188639e-19,-0,1,1,false,false,false
1107,0.2684636831841592,5,2.126162547471692e-19,-0,2.1087519026069669e-19,-0,1,1,false,false,false
1108,0.26846852842642133,5,2.114748293738622e-19,-0,2.0974172640331117e-19,-0,1,1,false,false,false
1109,0.26847337366868346,5,2.1033262625115291e-19,-0,2.0860749276395532e-19,-0,1,1,false,false,false
1110,0.26847821891094553,5,2.0918964780642124e-19,-0,2.074724917482875e-19,-0,1,1,false,false,false
1111,0.26848306415320766,5,2.080458964584093e-19,-0,2.0633672575337613e-19,-0,1,1,false,false,false
1112,0.26848790939546979,5,2.0690137461732305e-19,-0,2.0520019716779785e-19,-0,1,1,false,false,false
1113,0.26849275463773187,5,2.0575608468481447e-19,-0,2.0406290837162187e-19,-0,1,1,false,false,false
1114,0.268497599879994,5,2.0461002905396639e-19,-0,2.0292486173639445e-19,-0,1,1,false,false,false
1115,0.26850244512225613,5,2.0346321010938195e-19,-0,2.0178605962522829e-19,-0,1,1,false,false,false
1116,0.2685072903645182,5,2.0231563022718132e-19,-0,2.0064650439279811e-19,-0,1,1,false,false,false
1117,0.26851213560678033,5,2.0116729177496963e-19,-0,1.9950619838531013e-19,-0,1,1,false,false,false
1118,0.26851698084904246,5,2.0001819711194152e-19,-0,1.9836514394060572e-19,-0,1,1,false,false,false
1119,0.26852182609130454,5,1.9886834858887453e-19,-0,1.9722334338815379e-19,-0,1,1,false,false,false
1120,0.26852667133356667,5,1.9771774854808166e-19,-0,1.9608079904900551e-19,-0,1,1,false,false,false
1121,0.2685315165758288,5,1.9656639932354574e-19,-0,1.9493751323592664e-19,-0,1,1,false,false,false
1122,0.26853636181809093,5,1.9541430324085642e-19,-0,1.9379348825333527e-19,-0,1,1,false,false,false
1123,0.268541207060353,5,1.9426146261727973e-19,-0,1.926487263973712e-19,-0,1,1,false,false,false
1124,0.26854605230261513,5,1.9310787976171601e-19,-0,1.9150322995585341e-19,-0,1,1,false,false,false
1125,0.26855089754487727,5,1.9195355697479948e-19,-0,1.9035700120838109e-19,-0,1,1,false,false,false
1126,0.26855574278713934,5,1.9079849654888394e-19,-0,1.8921004242631645e-19,-0,1,1,false,false,false
1127,0.26856058802940147,5,1.8964270076801702e-19,-0,1.8806235587276218e-19,-0,1,1,false,false,false
1128,0.2685654332716636,5,1.8848617190804658e-19,-0,1.8691394380266475e-19,-0,1,1,false,false,false
1129,0.26857027851392568,5,1.8732891223660246e-19,-0,1.8576480846279807e-19,-0,1,1,false,false,false
1130,0.26857512375618781,5,1.8617092401306324e-19,-0,1.8461495209173024e-19,-0,1,1,false,false,false
1131,0.26857996899844994,5,1.8501220948867596e-19,-0,1.8346437691994116e-19,-0,1,1,false,false,false
1132,0.26858481424071201,5,1.8385277090652122e-19,-0,1.8231308516979032e-19,-0,1,1,false,false,false
1133,0.26858965948297414,5,1.8269261050150451e-19,-0,1.8116107905550564e-19,-0,1,1,false,false,false
1134,0.26859450472523627,5,1.8153173050044456e-19,-0,1.8000836078327329e-19,-0,1,1,false,false,false
1135,0.2685993499674984,5,1.8037013312205737e-19,-0,1.7885493255122131e-19,-0,1,1,false,false,false
1136,0.26860419520976048,5,1.7920782057698435e-19,-0,1.7770079654944694e-19,-0,1,1,false,false,false
1137,0.26860904045202261,5,1.7804479506776692e-19,-0,1.7654595495999214e-19,-0,1,1,false,false,false
1138,0.26861388569428474,5,1.7688105878895388e-19,-0,1.7539040995695033e-19,-0,1,1,false,false,false
1139,0.26861873093654681,5,1.7571661392707646e-19,-0,1.7423416370644163e-19,-0,1,1,false,false,false
1140,0.26862357617880894,5,1.7455146266061507e-19,-0,1.7307721836657936e-19,-0,1,1,false,false,false
1141,0.26862842142107107,5,1.7338560716012611e-19,-0,1.7191957608759639e-19,-0,1,1,false,false,false
1142,0.26863326666333315,5,1.7221904958819154e-19,-0,1.7076123901179562e-19,-0,1,1,false,false,false
1143,0.26863811190559528,5,1.7105179209943297e-19,-0,1.6960220927356335e-19,-0,1,1,false,false,false
1144,0.26864295714785741,5,1.6988383684057261e-19,-0,1.6844248899943004e-19,-0,1,1,false,false,false
1145,0.26864780239011948,5,1.6871518595045129e-19,-0,1.6728208030808861e-19,-0,1,1,false,false,false
1146,0.26865264763238161,5,1.6754584155997699e-19,-0,1.6612098531034286e-19,-0,1,1,false,false,false
1147,0.26865749287464374,5,1.6637580579225188e-19,-0,1.6495920610923384e-19,-0,1,1,false,false,false
1148,0.26866233811690582,5,1.6520508076252193e-19,-0,1.6379674479999061e-19,-0,1,1,false,false,false
1149,0.26866718335916795,5,1.6403366857818641e-19,-0,1.6263360347003843e-19,-0,1,1,false,false,false
1150,0.26867202860143008,5,1.6286157133888063e-19,-0,1.6146978419908183e-19,-0,1,1,false,false,false
1151,0.26867687384369221,5,1.6168879113644351e-19,-0,1.6030528905907277e-19,-0,1,1,false,false,false
1152,0.26868171908595428,5,1.6051533005496849e-19,-0,1.591401201142602e-19,-0,1,1,false,false,false
1153,0.26868656432821642,5,1.5934119017076437e-19,-0,1.5797427942115225e-19,-0,1,1,false,false,false
1154,0.26869140957047855,5,1.5816637355246063e-19,-0,1.5680776902862008e-19,-0,1,1,false,false,false
1155,0.26869625481274062,5,1.5699088226098858e-19,-0,1.5564059097788029e-19,-0,1,1,false,false,false
1156,0.26870110005500275,5,1.558147183495426e-19,-0,1.5447274730245486e-19,-0,1,1,false,false,false
1157,0.26870594529726488,5,1.5463788386370905e-19,-0,1.5330424002830091e-19,-0,1,1,false,false,false
1158,0.26871079053952696,5,1.5346038084142394e-19,-0,1.5213507117376762e-19,-0,1,1,false,false,false
1159,0.26871563578178909,5,1.5228221131295386e-19,-0,1.5096524274957797e-19,-0,1,1,false,false,false
1160,0.26872048102405122,5,1.51103377301006e-19,-0,1.497947567589379e-19,-0,1,1,false,false,false
1161,0.26872532626631329,5,1.499238808206962e-19,-0,1.4862361519750384e-19,-0,1,1,false,false,false
1162,0.26873017150857542,5,1.4874372387953986e-19,-0,1.4745182005337546e-19,-0,1,1,false,false,false
1163,0.26873501675083755,5,1.4756290847753716e-19,-0,1.462793733071786e-19,-0,1,1,false,false,false
1164,0.26873986199309963,5,1.4638143660716034e-19,-0,1.4510627693205365e-19,-0,1,1,false,false,false
1165,0.26874470723536176,5,1.4519931025333688e-19,-0,1.43932532893639e-19,-0,1,1,false,false,false
1166,0.26874955247762389,5,1.4401653139354096e-19,-0,1.4275814315016133e-19,-0,1,1,false,false,false
1167,0.26875439771988602,5,1.4283310199775596e-19,-0,1.4158310965239833e-19,-0,1,1,false,false,false
1168,0.26875924296214809,5,1.4164902402853664e-19,-0,1.4040743434374178e-19,-0,1,1,false,false,false
1169,0.26876408820441022,5,1.4046429944095231e-19,-0,1.3923111916013997e-19,-0,1,1,false,false,false
1170,0.26876893344667235,5,1.3927893018270921e-19,-0,1.3805416603021924e-19,-0,1,1,false,false,false
1171,0.26877377868893443,5,1.3809291819410852e-19,-0,1.3687657687524316e-19,-0,1,1,false,false,false
1172,0.26877862393119656,5,1.3690626540803566e-19,-0,1.3569835360910101e-19,-0,1,1,false,false,false
1173,0.26878346917345869,5,1.3571897375006036e-19,-0,1.3451949813840813e-19,-0,1,1,false,false,false
1174,0.26878831441572076,5,1.3453104513841133e-19,-0,1.3334001236248085e-19,-0,1,1,false,false,false
1175,0.26879315965798289,5,1.3334248148395924e-19,-0,1.3215989817331776e-19,-0,1,1,false,false,false
1176,0.26879800490024502,5,1.3215328469030199e-19,-0,1.3097915745568774e-19,-0,1,1,false,false,false
1177,0.2688028501425071,5,1.3096345665376838e-19,-0,1.2979779208713021e-19,-0,1,1,false,false,false
1178,0.26880769538476923,5,1.2977299926336989e-19,-0,1.2861580393790968e-19,-0,1,1,false,false,false
1179,0.26881254062703136,5,1.285819144009185e-19,-0,1.2743319487113196e-19,-0,1,1,false,false,false
1180,0.26881738586929349,5,1.2739020394098186e-19,-0,1.2624996674269977e-19,-0,1,1,false,false,false
1181,0.26882223111155557,5,1.2619786975093504e-19,-0,1.2506612140136389e-19,-0,1,1,false,false,false
1182,0.2688270763538177,5,1.2500491369090995e-19,-0,1.2388166068867367e-19,-0,1,1,false,false,false
1183,0.26883192159607983,5,1.2381133761392344e-19,-0,1.2269658643910357e-19,-0,1,1,false,false,false
1184,0.2688367668383419,5,1.2261714336582479e-19,-0,1.2151090048000153e-19,-0,1,1,false,false,false
1185,0.26884161208060403,5,1.214223327852968e-19,-0,1.2032460463158994e-19,-0,1,1,false,false,false
1186,0.26884645732286616,5,1.2022690770392821e-19,-0,1.1913770070703756e-19,-0,1,1,false,false,false
1187,0.26885130256512824,5,1.1903086994622918e-19,-0,1.1795019051247539e-19,-0,1,1,false,false,false
1188,0.26885614780739037,5,1.1783422132957029e-19,-0,1.1676207584693541e-19,-0,1,1,false,false,false
1189,0.2688609930496525,5,1.1663696366431247e-19,-0,1.1557335850248028e-19,-0,1,1,false,false,false
1190,0.26886583829191457,5,1.1543909875376045e-19,-0,1.1438404026415664e-19,-0,1,1,false,false,false
1191,0.2688706835341767,5,1.1424062839416053e-19,-0,1.1319412290999323e-19,-0,1,1,false,false,false
1192,0.26887552877643883,5,1.1304155437478487e-19,-0,1.120036082110848e-19,-0,1,1,false,false,false
1193,0.26888037401870091,5,1.1184187847791587e-19,-0,1.1081249793157698e-19,-0,1,1,false,false,false
1194,0.26888521926096304,5,1.1064160247882363e-19,-0,1.0962079382864226e-19,-0,1,1,false,false,false
1195,0.26889006450322517,5,1.0944072814586003e-19,-0,1.0842849765257585e-19,-0,1,1,false,false,false
1196,0.2688949097454873,5,1.082392572404353e-19,-0,1.0723561114677067e-19,-0,1,1,false,false,false
1197,0.26889975498774937,5,1.0703719151703889e-19,-0,1.0604213604773894e-19,-0,1,1,false,false,false
1198,0.2689046002300115,5,1.0583453272322952e-19,-0,1.0484807408510185e-19,-0,1,1,false,false,false
1199,0.26890944547227363,5,1.0463128259971735e-19,-0,1.03653426981672e-19,-0,1,1,false,false,false
1200,0.26891429071453571,5,1.0342744288035037e-19,-0,1.0245819645343913e-19,-0,1,1,false,false,false
1201,0.26891913595679784,5,1.0222301529208802e-19,-0,1.0126238420954397e-19,-0,1,1,false,false,false
1202,0.26892398119905997,5,1.0101800155508743e-19,-0,1.0006599195236553e-19,-0,1,1,false,false,false
1203,0.26892882644132204,5,9.9812403382711129e-20,-0,9.8869021377525682e-20,-0,1,1,false,false,false
1204,0.26893367168358417,5,9.8606222481472231e-20,-0,9.7671474173837994e-20,-0,1,1,false,false,false
1205,0.2689385169258463,5,9.7399460551151165e-20,-0,9.6473352023421606e-20,-0,1,1,false,false,false
1206,0.26894336216810838,5,9.6192119284762683e-20,-0,9.5274656601670002e-20,-0,1,1,false,false,false
1207,0.26894820741037051,5,9.4984200368549139e-20,-0,9.4075389577242611e-20,-0,1,1,false,false,false
1208,0.26895305265263264,5,9.377570548204739e-20,-0,9.2875552612132886e-20,-0,1,1,false,false,false
1209,0.26895789789489477,5,9.2566636298101466e-20,-0,9.1675147361680574e-20,-0,1,1,false,false,false
1210,0.26896274313715685,5,9.1356994482848096e-20,-0,9.0474175474556471e-20,-0,1,1,false,false,false
1211,0.26896758837941898,5,9.0146781695730042e-20,-0,8.9272638592776873e-20,-0,1,1,false,false,false
1212,0.26897243362168111,5,8.893599958956524e-20,-0,8.8070538351771844e-20,-0,1,1,false,false,false
1213,0.26897727886394318,5,8.7724649810531414e-20,-0,8.6867876380369537e-20,-0,1,1,false,false,false
1214,0.26898212410620531,5,8.6512733998148775e-20,-0,8.5664654300780107e-20,-0,1,1,false,false,false
1215,0.26898696934846744,5,8.5300253785372299e-20,-0,8.4460873728685842e-20,-0,1,1,false,false,false
1216,0.26899181459072952,5,8.4087210798567586e-20,-0,8.3256536273219144e-20,-0,1,1,false,false,false
1217,0.26899665983299165,5,8.2873606657485777e-20,-0,8.2051643536936113e-20,-0,1,1,false,false,false
1218,0.26900150507525378,5,8.1659442975368582e-20,-0,8.0846197115921327e-20,-0,1,1,false,false,false
1219,0.26900635031751585,5,8.0444721358917775e-20,-0,7.9640198599758435e-20,-0,1,1,false,false,false
1220,0.26901119555977798,5,7.9229443408281042e-20,-0,7.8433649571514725e-20,-0,1,1,false,false,false
1221,0.26901604080204011,5,7.8013610717134719e-20,-0,7.7226551607824063e-20,-0,1,1,false,false,false
1222,0.26902088604430219,5,7.6797224872679055e-20,-0,7.6018906278882832e-20,-0,1,1,false,false,false
1223,0.26902573128656432,5,7.5580287455594151e-20,-0,7.4810715148404916e-20,-0,1,1,false,false,false
1224,0.26903057652882645,5,7.4362800040154642e-20,-0,7.3601979773737003e-20,-0,1,1,false,false,false
1225,0.26903542177108858,5,7.3144764194186609e-20,-0,7.2392701705814178e-20,-0,1,1,false,false,false
1226,0.26904026701335065,5,7.1926181479106484e-20,-0,7.1182882489200491e-20,-0,1,1,false,false,false
1227,0.26904511225561278,5,7.0707053449888858e-20,-0,6.9972523662056022e-20,-0,1,1,false,false,false
1228,0.26904995749787491,5,6.9487381655167294e-20,-0,6.8761626756236668e-20,-0,1,1,false,false,false
1229,0.26905480274013699,5,6.8267167637202128e-20,-0,6.7550193297263076e-20,-0,1,1,false,false,false
1230,0.26905964798239912,5,6.7046412931860827e-20,-0,6.6338224804300287e-20,-0,1,1,false,false,false
1231,0.26906449322466125,5,6.5825119068715795e-20,-0,6.5125722790256299e-20,-0,1,1,false,false,false
1232,0.26906933846692332,5,6.4603287571023159e-20,-0,6.3912688761759048e-20,-0,1,1,false,false,false
1233,0.26907418370918545,5,6.3380919955685632e-20,-0,6.269912421912173e-20,-0,1,1,false,false,false
1234,0.26907902895144759,5,6.2158017733374772e-20,-0,6.148503065646244e-20,-0,1,1,false,true,false
1235,0.26908387419370966,5,6.0934582408477046e-20,-0,6.0270409561651737e-20,-0,1,1,false,true,false
1236,0.26908871943597179,5,5.9710615479099233e-20,-0,5.9055262416317769e-20,-0,1,1,false,true,false
1237,0.26909356467823392,5,5.8486118437136435e-20,-0,5.7839590695913529e-20,-0,1,1,false,true,false
1238,0.26909840992049605,5,5.72610927682591e-20,-0,5.6623395869704431e-20,-0,1,1,false,true,false
1239,0.26910325516275813,5,5.6035539951936278e-20,-0,5.5406679400791538e-20,-0,1,1,false,true,false
1240,0.26910810040502026,5,5.4809461461421718e-20,-0,5.418944274609707e-20,-0,1,1,false,true,false
1241,0.26911294564728239,5,5.3582858763826294e-20,-0,5.297168735643748e-20,-0,1,1,false,true,false
1242,0.26911779088954446,5,5.2355733320099375e-20,-0,5.1753414676503905e-20,-0,1,1,false,true,false
1243,0.26912263613180659,5,5.1128086585030759e-20,-0,5.0534626144864656e-20,-0,1,1,false,true,false
1244,0.26912748137406872,5,4.9899920007293606e-20,-0,4.931532319400799e-20,-0,1,1,false,true,false
1245,0.2691323266163308,5,4.8671235029480611e-20,-0,4.8095507250377941e-20,-0,1,1,false,true,false
1246,0.26913717185859293,5,4.744203308804018e-20,-0,4.6875179734310714e-20,-0,1,1,false,true,false
1247,0.26914201710085506,5,4.6212315613387119e-20,-0,4.5654342060145146e-20,-0,1,1,false,true,false
1248,0.26914686234311713,5,4.4982084029872085e-20,-0,4.4432995636191942e-20,-0,1,1,false,true,false
1249,0.26915170758537926,5,4.3751339755755926e-20,-0,4.3211141864708627e-20,-0,1,1,false,true,false
1250,0.26915655282764139,5,4.2520084203317399e-20,-0,4.1988782142006296e-20,-0,1,1,false,true,false
1251,0.26916139806990347,5,4.1288318778829848e-20,-0,4.0765917858426291e-20,-0,1,1,false,true,false
1252,0.2691662433121656,5,4.0056044882514897e-20,-0,3.9542550398295107e-20,-0,1,1,false,true,false
1253,0.26917108855442773,5,3.8823263908648331e-20,-0,3.8318681140028546e-20,-0,1,1,false,true,false
1254,0.26917593379668986,5,3.7589977245549468e-20,-0,3.709431145612183e-20,-0,1,1,false,true,false
1255,0.26918077903895193,5,3.6356186275570866e-20,-0,3.5869442713139066e-20,-0,1,1,false,true,false
1256,0.26918562428121406,5,3.5121892375109121e-20,-0,3.4644076271724622e-20,-0,1,1,false,true,false
1257,0.26919046952347619,5,3.3887096914675993e-20,-0,3.3418213486672906e-20,-0,1,1,false,true,false
1258,0.26919531476573827,5,3.2651801258884292e-20,-0,3.2191855706914717e-20,-0,1,1,false,true,false
1259,0.2692001600080004,5,3.1416006766402549e-20,-0,3.0965004275472874e-20,-0,1,1,false,true,false
1260,0.26920500525026253,5,3.0179714790090119e-20,-0,2.9737660529595667e-20,-0,1,1,false,true,false
1261,0.2692098504925246,5,2.8942926676920564e-20,-0,2.8509825800681233e-20,-0,1,1,false,true,false
1262,0.26921469573478674,5,2.7705643768010812e-20,-0,2.7281501414306204e-20,-0,1,1,false,true,false
1263,0.26921954097704887,5,2.6467867398668412e-20,-0,2.605268869027299e-20,-0,1,1,false,true,false
1264,0.26922438621931094,5,2.5229598898401386e-20,-0,2.4823388942619578e-20,-0,1,1,false,true,false
1265,0.26922923146157307,5,2.3990839590883736e-20,-0,2.3593603479584739e-20,-0,1,1,false,true,false
1266,0.2692340767038352,5,2.2751590794039991e-20,-0,2.2363333603692902e-20,-0,1,1,false,true,false
1267,0.26923892194609733,5,2.1511853820019676e-20,-0,2.1132580611728463e-20,-0,1,1,false,true,false
1268,0.26924376718835941,5,2.0271629975229638e-20,-0,1.9901345794767624e-20,-0,1,1,false,true,false
1269,0.26924861243062154,5,1.9030920560310375e-20,-0,1.8669630438155482e-20,-0,1,1,false,true,false
1270,0.26925345767288367,5,1.7789726870202974e-20,-0,1.7437435821571766e-20,-0,1,1,false,true,false
1271,0.26925830291514574,5,1.6548050194168603e-20,-0,1.6204763219051224e-20,-0,1,1,false,true,false
1272,0.26926314815740787,5,1.5305891815711079e-20,-0,1.4971613898906018e-20,-0,1,1,false,true,false
1273,0.26926799339967,5,1.4063253012712587e-20,-0,1.3737989123860755e-20,-0,1,1,false,true,false
1274,0.26927283864193208,5,1.2820135057398706e-20,-0,1.250389015101773e-20,-0,1,1,false,true,false
1275,0.26927768388419421,5,1.1576539216292321e-20,-0,1.1269318231811292e-20,-0,1,1,false,true,false
1276,0.26928252912645634,5,1.0332466750342345e-20,-0,1.0034274612135882e-20,-0,1,1,false,true,false
1277,0.26928737436871841,5,9.0879189148626126e-21,-0,8.7987605322848434e-21,-0,1,1,false,true,false
1278,0.26929221961098054,5,7.8428969595417509e-21,-0,7.5627772269608361e-21,-0,1,1,false,true,false
1279,0.26929706485324267,5,6.597402128513234e-21,-0,6.3263259253449325e-21,-0,1,1,false,true,false
1280,0.26930191009550475,5,5.3514356603451842e-21,-0,5.0894078510871741e-21,-0,1,1,false,true,false
1281,0.26930675533776688,5,4.1049987879866601e-21,-0,3.8520242222524293e-21,-0,1,1,false,true,false
1282,0.26931160058002901,5,2.8580927389179673e-21,-0,2.6141762514703879e-21,-0,1,1,false,true,false
1283,0.26931644582229114,5,1.6107187350412745e-21,-0,1.3758651458271384e-21,-0,1,1,false,true,false
1284,0.26932129106455321,5,3.6287799278833387e-22,-0,1.3709210697069016e-22,-0,1,1,true,true,false
1285,0.26932613630681534,5,-8.8542827696834755e-22,0,-1.1021416689752586e-21,0,-1,-1,true,true,false
1286,0.26933098154907748,5,-2.1341988687950737e-21,0,-2.3418349912926477e-21,0,-1,-1,false,true,false
1287,0.26933582679133955,5,-3.3834325827270634e-21,0,-3.5819866746996017e-21,0,-1,-1,false,true,false
1288,0.26934067203360168,5,-4.6331282243002083e-21,0,-4.8225955393799814e-21,0,-1,-1,false,true,false
1289,0.26934551727586381,5,-5.8832846044467033e-21,0,-6.0636604108817244e-21,0,-1,-1,false,true,false
1290,0.26935036251812589,5,-7.1339005395275219e-21,0,-7.3051801201481527e-21,0,-1,-1,false,true,false
1291,0.26935520776038802,5,-8.3849748513556157e-21,0,-8.5471535035409298e-21,0,-1,-1,false,true,false
1292,0.26936005300265015,5,-9.63650636711879e-21,0,-9.7895794027636739e-21,0,-1,-1,false,true,false
1293,0.26936489824491222,5,-1.0888493919360137e-20,0,-1.1032456664841974e-20,0,-1,-1,false,true,false
1294,0.26936974348717435,5,-1.2140936346068562e-20,0,-1.2275784142214354e-20,0,-1,-1,false,true,false
1295,0.26937458872943648,5,-1.3393832490510807e-20,0,-1.3519560692564461e-20,0,-1,-1,false,true,false
1296,0.26937943397169861,5,-1.4647181201336659e-20,0,-1.4763785178925446e-20,0,-1,-1,false,true,false
1297,0.26938427921396069,5,-1.590098133251285e-20,0,-1.6008456469615424e-20,0,-1,-1,false,true,false
1298,0.26938912445622282,5,-1.7155231743341898e-20,0,-1.7253573438254761e-20,0,-1,-1,false,true,false
1299,0.26939396969848495,5,-1.8409931298388961e-20,0,-1.8499134963694116e-20,0,-1,-1,false,true,false
1300,0.26939881494074702,5,-1.9665078867520051e-20,0,-1.974513993005248e-20,0,-1,-1,false,true,false
1301,0.26940366018300915,5,-2.0920673325905977e-20,0,-2.0991587226720853e-20,0,-1,-1,false,true,false
1302,0.26940850542527128,5,-2.2176713553916443e-20,0,-2.2238475748256623e-20,0,-1,-1,false,true,false
1303,0.26941335066753336,5,-2.3433198437227325e-20,0,-2.3485804394491279e-20,0,-1,-1,false,true,false
1304,0.26941819590979549,5,-2.4690126866699782e-20,0,-2.4733572070409106e-20,0,-1,-1,false,true,false
1305,0.26942304115205762,5,-2.5947497738432258e-20,0,-2.5981777686198695e-20,0,-1,-1,false,true,false
1306,0.26942788639431969,5,-2.7205309953695888e-20,0,-2.7230420157190369e-20,0,-1,-1,false,true,false
1307,0.26943273163658182,5,-2.8463562419012334e-20,0,-2.8479498403931516e-20,0,-1,-1,false,true,false
1308,0.26943757687884395,5,-2.9722254046033295e-20,0,-2.9729011352068271e-20,0,-1,-1,false,true,false
1309,0.26944242212110603,5,-3.0981383751559855e-20,0,-3.0978957932364285e-20,0,-1,-1,false,true,false
1310,0.26944726736336816,5,-3.2240950457595963e-20,0,-3.2229337080753134e-20,0,-1,-1,false,true,false
1311,0.26945211260563029,5,-3.3500953091227906e-20,0,-3.3480147738219935e-20,0,-1,-1,false,true,false
1312,0.26945695784789242,5,-3.4761390584697134e-20,0,-3.4731388850872246e-20,0,-1,-1,false,true,false
1313,0.26946180309015449,5,-3.6022261875307339e-20,0,-3.5983059369849295e-20,0,-1,-1,false,true,false
1314,0.26946664833241663,5,-3.728356590553121e-20,0,-3.7235158251425805e-20,0,-1,-1,false,true,false
1315,0.26947149357467876,5,-3.8545301622853272e-20,0,-3.8487684456858342e-20,0,-1,-1,false,true,false
1316,0.26947633881694083,5,-3.980746797984367e-20,0,-3.974063695245674e-20,0,-1,-1,false,true,false
1317,0.26948118405920296,5,-4.1070063934160363e-20,0,-4.0994014709587481e-20,0,-1,-1,false,true,false
1318,0.26948602930146509,5,-4.2333088448462537e-20,0,-4.2247816704586384e-20,0,-1,-1,false,true,false
1319,0.26949087454372717,5,-4.3596540490430119e-20,0,-4.350204191877929e-20,0,-1,-1,false,true,false
1320,0.2694957197859893,5,-4.4860419032812712e-20,0,-4.4756689338529555e-20,0,-1,-1,false,true,false
1321,0.26950056502825143,5,-4.6124723053300054e-20,0,-4.6011757955110364e-20,0,-1,-1,false,true,false
1322,0.2695054102705135,5,-4.7389451534586185e-20,0,-4.7267246764767373e-20,0,-1,-1,false,true,false
1323,0.26951025551277563,5,-4.8654603464374292e-20,0,-4.8523154768724369e-20,0,-1,-1,false,true,false
1324,0.26951510075503776,5,-4.9920177835283781e-20,0,-4.9779480973090537e-20,0,-1,-1,false,true,false
1325,0.26951994599729989,5,-5.118617364490519e-20,0,-5.1036224388915349e-20,0,-1,-1,false,true,false
1326,0.26952479123956197,5,-5.2452589895738867e-20,0,-5.2293384032126471e-20,0,-1,-1,false,true,false
1327,0.2695296364818241,5,-5.3719425595259138e-20,0,-5.3550958923595619e-20,0,-1,-1,false,true,false
1328,0.26953448172408623,5,-5.4986679755796773e-20,0,-5.4808948089019268e-20,0,-1,-1,false,true,false
1329,0.2695393269663483,5,-5.6254351394594414e-20,0,-5.6067350558975772e-20,0,-1,-1,false,true,false
1330,0.26954417220861043,5,-5.7522439533796617e-20,0,-5.7326165368914252e-20,0,-1,-1,false,true,false
1331,0.26954901745087256,5,-5.8790943200397418e-20,0,-5.858539155910312e-20,0,-1,-1,false,true,false
1332,0.26955386269313464,5,-6.0059861426240657e-20,0,-5.9845028174629548e-20,0,-1,-1,false,true,false
1333,0.26955870793539677,5,-6.1329193248051902e-20,0,-6.1105074265432293e-20,0,-1,-1,false,true,false
1334,0.2695635531776589,5,-6.259893770735758e-20,0,-6.2365528886220957e-20,0,-1,-1,false,true,false
1335,0.26956839841992097,5,-6.3869093850488834e-20,0,-6.3626391096478593e-20,0,-1,-1,false,false,false
1336,0.2695732436621831,5,-6.5139660728628032e-20,0,-6.4887659960509999e-20,0,-1,-1,false,false,false
1337,0.26957808890444523,5,-6.6410637397715468e-20,0,-6.6149334547347268e-20,0,-1,-1,false,false,false
1338,0.26958293414670731,5,-6.768202291847377e-20,0,-6.741141393077495e-20,0,-1,-1,false,false,false
1339,0.26958777938896944,5,-6.895381635642997e-20,0,-6.8673897189352122e-20,0,-1,-1,false,false,false
1340,0.26959262463123157,5,-7.0226016781821732e-20,0,-6.9936783406317172e-20,0,-1,-1,false,false,false
1341,0.2695974698734937,5,-7.1498623269643583e-20,0,-7.1200071669637128e-20,0,-1,-1,false,false,false
1342,0.26960231511575578,5,-7.2771634899613938e-20,0,-7.2463761071972183e-20,0,-1,-1,false,false,false
1343,0.26960716035801791,5,-7.4045050756210027e-20,0,-7.3727850710711798e-20,0,-1,-1,false,false,false
1344,0.26961200560028004,5,-7.5318869928567593e-20,0,-7.4992339687873199e-20,0,-1,-1,false,false,false
1345,0.26961685084254211,5,-7.6593091510512174e-20,0,-7.6257227110135173e-20,0,-1,-1,false,false,false
1346,0.26962169608480424,5,-7.7867714600603448e-20,0,-7.7522512088880094e-20,0,-1,-1,false,false,false
1347,0.26962654132706637,5,-7.9142738302015525e-20,0,-7.8788193740075136e-20,0,-1,-1,false,false,false
1348,0.26963138656932845,5,-8.0418161722580449e-20,0,-8.0054271184316803e-20,0,-1,-1,false,false,false
1349,0.26963623181159058,5,-8.1693983974828354e-20,0,-8.1320743546868889e-20,0,-1,-1,false,false,false
1350,0.26964107705385271,5,-8.2970204175857727e-20,0,-8.258760995753512e-20,0,-1,-1,false,false,false
1351,0.26964592229611478,5,-8.4246821447401288e-20,0,-8.3854869550724446e-20,0,-1,-1,false,false,false
1352,0.26965076753837691,5,-8.5523834915840003e-20,0,-8.5122521465463307e-20,0,-1,-1,false,false,false
1353,0.26965561278063904,5,-8.6801243712088557e-20,0,-8.6390564845284266e-20,0,-1,-1,false,false,false
1354,0.26966045802290117,5,-8.8079046971685857e-20,0,-8.7658998838313721e-20,0,-1,-1,false,false,false
1355,0.26966530326516325,5,-8.935724383470393e-20,0,-8.8927822597183289e-20,0,-1,-1,false,false,false
1356,0.26967014850742538,5,-9.063583344583399e-20,0,-9.019703527911378e-20,0,-1,-1,false,false,false
1357,0.26967499374968751,5,-9.1914814954256207e-20,0,-9.1466636045786298e-20,0,-1,-1,false,false,false
1358,0.26967983899194958,5,-9.3194187513691915e-20,0,-9.2736624063394656e-20,0,-1,-1,false,false,false
1359,0.26968468423421171,5,-9.4473950282419847e-20,0,-9.4006998502660684e-20,0,-1,-1,false,false,false
1360,0.26968952947647384,5,-9.5754102423197824e-20,0,-9.527775853875677e-20,0,-1,-1,false,false,false
1361,0.26969437471873592,5,-9.703464310327189e-20,0,-9.6548903351314458e-20,0,-1,-1,false,false,false
1362,0.26969921996099805,5,-9.8315571494419309e-20,0,-9.7820432124468909e-20,0,-1,-1,false,false,false
1363,0.26970406520326018,5,-9.9596886772853904e-20,0,-9.9092344046761933e-20,0,-1,-1,false,false,false
1364,0.26970891044552225,5,-1.0087858811924798e-19,0,-1.0036463831116624e-19,0,-1,-1,false,false,false
1365,0.26971375568778438,5,-1.0216067471876488e-19,0,-1.0163731411511652e-19,0,-1,-1,false,false,false
1366,0.26971860093004651,5,-1.0344314576096887e-19,0,-1.0291037066042055e-19,0,-1,-1,false,false,false
1367,0.26972344617230859,5,-1.0472600043984861e-19,0,-1.0418380715328184e-19,0,-1,-1,false,false,false
1368,0.26972829141457072,5,-1.0600923795385562e-19,0,-1.0545762280433823e-19,0,-1,-1,false,false,false
1369,0.26973313665683285,5,-1.0729285750579438e-19,0,-1.0673181682855297e-19,0,-1,-1,false,false,false
1370,0.26973798189909498,5,-1.0857685830288004e-19,0,-1.0800638844527155e-19,0,-1,-1,false,false,false
1371,0.26974282714135706,5,-1.0986123955669766e-19,0,-1.0928133687818075e-19,0,-1,-1,false,false,false
1372,0.26974767238361919,5,-1.1114600048323926e-19,0,-1.1055666135534676e-19,0,-1,-1,false,false,false
1373,0.26975251762588132,5,-1.1243114030281052e-19,0,-1.1183236110912193e-19,0,-1,-1,false,false,false
1374,0.26975736286814339,5,-1.1371665824006539e-19,0,-1.1310843537617822e-19,0,-1,-1,false,false,false
1375,0.26976220811040552,5,-1.1500255352404272e-19,0,-1.143848833975445e-19,0,-1,-1,false,false,false
1376,0.26976705335266765,5,-1.1628882538804485e-19,0,-1.1566170441848633e-19,0,-1,-1,false,false,false
1377,0.26977189859492973,5,-1.1757547306969691e-19,0,-1.1693889768856331e-19,0,-1,-1,false,false,false
1378,0.26977674383719186,5,-1.188624958109686e-19,0,-1.1821646246165225e-19,0,-1,-1,false,false,false
1379,0.26978158907945399,5,-1.2014989285807024e-19,0,-1.1949439799584333e-19,0,-1,-1,false,false,false
1380,0.26978643432171606,5,-1.2143766346148718e-19,0,-1.2077270355347416e-19,0,-1,-1,false,false,false
1381,0.26979127956397819,5,-1.2272580687602246e-19,0,-1.2205137840117202e-19,0,-1,-1,false,false,false
1382,0.26979612480624032,5,-1.2401432236068507e-19,0,-1.2333042180974288e-19,0,-1,-1,false,false,false
1383,0.26980097004850245,5,-1.2530320917874174e-19,0,-1.2460983305422393e-19,0,-1,-1,false,false,false
1384,0.26980581529076453,5,-1.2659246659768138e-19,0,-1.2588961141384578e-19,0,-1,-1,false,false,false
1385,0.26981066053302666,5,-1.2788209388925296e-19,0,-1.2716975617207268e-19,0,-1,-1,false,false,false
1386,0.26981550577528879,5,-1.2917209032937239e-19,0,-1.2845026661650944e-19,0,-1,-1,false,false,false
1387,0.26982035101755086,5,-1.3046245519815947e-19,0,-1.2973114203893554e-19,0,-1,-1,false,false,false
1388,0.26982519625981299,5,-1.3175318777996059e-19,0,-1.3101238173533186e-19,0,-1,-1,false,false,false
1389,0.26983004150207512,5,-1.3304428736324919e-19,0,-1.322939850057788e-19,0,-1,-1,false,false,false
1390,0.2698348867443372,5,-1.3433575324069051e-19,0,-1.3357595115452084e-19,0,-1,-1,false,false,false
1391,0.26983973198659933,5,-1.3562758470911136e-19,0,-1.3485827948993846e-19,0,-1,-1,false,false,false
1392,0.26984457722886146,5,-1.3691978106946344e-19,0,-1.361409693245088e-19,0,-1,-1,false,false,false
1393,0.26984942247112353,5,-1.3821234162682638e-19,0,-1.374240199748114e-19,0,-1,-1,false,false,false
1394,0.26985426771338566,5,-1.3950526569044617e-19,0,-1.387074307615646e-19,0,-1,-1,false,false,false
1395,0.2698591129556478,5,-1.4079855257362421e-19,0,-1.3999120100951576e-19,0,-1,-1,false,false,false
1396,0.26986395819790987,5,-1.4209220159377965e-19,0,-1.4127533004750355e-19,0,-1,-1,false,false,false
1397,0.269868803440172,5,-1.4338621207245759e-19,0,-1.4255981720846571e-19,0,-1,-1,false,false,false
1398,0.26987364868243413,5,-1.4468058333523716e-19,0,-1.4384466182934781e-19,0,-1,-1,false,false,false
1399,0.26987849392469626,5,-1.459753147117723e-19,0,-1.4512986325114376e-19,0,-1,-1,false,false,false
1400,0.26988333916695834,5,-1.4727040553577794e-19,0,-1.4641542081888194e-19,0,-1,-1,false,false,false
1401,0.26988818440922047,5,-1.4856585514503804e-19,0,-1.4770133388163368e-19,0,-1,-1,false,false,false
1402,0.2698930296514826,5,-1.4986166288134991e-19,0,-1.4898760179245684e-19,0,-1,-1,false,false,false
1403,0.26989787489374467,5,-1.5115782809051126e-19,0,-1.5027422390838457e-19,0,-1,-1,false,false,false
1404,0.2699027201360068,5,-1.5245435012240292e-19,0,-1.5156119959050601e-19,0,-1,-1,false,false,false
1405,0.26990756537826893,5,-1.5375122833084703e-19,0,-1.52848528203826e-19,0,-1,-1,false,false,false
1406,0.26991241062053101,5,-1.5504846207367434e-19,0,-1.5413620911733167e-19,0,-1,-1,false,false,false
1407,0.26991725586279314,5,-1.5634605071272885e-19,0,-1.5542424170399813e-19,0,-1,-1,false,false,false
1408,0.26992210110505527,5,-1.5764399361378521e-19,0,-1.5671262534070418e-19,0,-1,-1,false,false,false
1409,0.26992694634731734,5,-1.5894229014659073e-19,0,-1.580013594082762e-19,0,-1,-1,false,false,false
1410,0.26993179158957947,5,-1.6024093968487697e-19,0,-1.5929044329149847e-19,0,-1,-1,false,false,false
1411,0.2699366368318416,5,-1.6153994160627126e-19,0,-1.6057987637902621e-19,0,-1,-1,false,false,false
1412,0.26994148207410368,5,-1.6283929529234814e-19,0,-1.6186965806343531e-19,0,-1,-1,false,false,false
1413,0.26994632731636581,5,-1.6413900012862192e-19,0,-1.631597877412161e-19,0,-1,-1,false,false,false
1414,0.26995117255862794,5,-1.6543905550448499e-19,0,-1.644502648127118e-19,0,-1,-1,false,false,false
1415,0.26995601780089007,5,-1.6673946081325511e-19,0,-1.6574108868216445e-19,0,-1,-1,false,false,false
1416,0.26996086304315214,5,-1.6804021545210283e-19,0,-1.6703225875764482e-19,0,-1,-1,false,false,false
1417,0.26996570828541427,5,-1.6934131882214071e-19,0,-1.683237744511389e-19,0,-1,-1,false,false,false
1418,0.2699705535276764,5,-1.7064277032829325e-19,0,-1.6961563517842069e-19,0,-1,-1,false,false,false
1419,0.26997539876993848,5,-1.7194456937934859e-19,0,-1.709078403591018e-19,0,-1,-1,false,false,false
1420,0.26998024401220061,5,-1.7324671538798762e-19,0,-1.7220038941666085e-19,0,-1,-1,false,false,false
1421,0.26998508925446274,5,-1.7454920777068798e-19,0,-1.7349328177834902e-19,0,-1,-1,false,false,false
1422,0.26998993449672481,5,-1.7585204594774278e-19,0,-1.7478651687520711e-19,0,-1,-1,false,false,false
1423,0.26999477973898695,5,-1.7715522934333505e-19,0,-1.7608009414214176e-19,0,-1,-1,false,false,false
1424,0.26999962498124908,5,-1.7845875738537715e-19,0,-1.7737401301776263e-19,0,-1,-1,false,false,false
1425,0.27000447022351115,5,-1.7976262950560486e-19,0,-1.7866827294447908e-19,0,-1,-1,false,false,false
1426,0.27000931546577328,5,-1.810668451395808e-19,0,-1.7996287336850136e-19,0,-1,-1,false,false,false
1427,0.27001416070803541,5,-1.8237140372659308e-19,0,-1.8125781373974083e-19,0,-1,-1,false,false,false
1428,0.27001900595029754,5,-1.8367630470971383e-19,0,-1.8255309351186902e-19,0,-1,-1,false,false,false
1429,0.27002385119255962,5,-1.8498154753577834e-19,0,-1.838487121422943e-19,0,-1,-1,false,false,false
1430,0.27002869643482175,5,-1.8628713165538953e-19,0,-1.8514466909216885e-19,0,-1,-1,false,false,false
1431,0.27003354167708388,5,-1.8759305652284732e-19,0,-1.8644096382631713e-19,0,-1,-1,false,false,false
1432,0.27003838691934595,5,-1.8889932159620737e-19,0,-1.877375958132951e-19,0,-1,-1,false,false,false
1433,0.27004323216160808,5,-1.9020592633725243e-19,0,-1.8903456452536081e-19,0,-1,-1,false,false,false
1434,0.27004807740387021,5,-1.9151287021145989e-19,0,-1.9033186943844287e-19,0,-1,-1,false,false,false
1435,0.27005292264613229,5,-1.9282015268798949e-19,0,-1.9162951003212748e-19,0,-1,-1,false,false,false
1436,0.27005776788839442,5,-1.94127773239734e-19,0,-1.9292748578970982e-19,0,-1,-1,false,false,false
1437,0.27006261313065655,5,-1.9543573134323271e-19,0,-1.9422579619810704e-19,0,-1,-1,false,false,false
1438,0.27006745837291862,5,-1.9674402647868773e-19,0,-1.955244407478754e-19,0,-1,-1,false,false,false
1439,0.27007230361518075,5,-1.9805265813001044e-19,0,-1.9682341893325601e-19,0,-1,-1,false,false,false
1440,0.27007714885744288,5,-1.9936162578471277e-19,0,-1.9812273025206617e-19,0,-1,-1,false,false,false
1441,0.27008199409970496,5,-2.0067092893396127e-19,0,-1.9942237420575422e-19,0,-1,-1,false,false,false
1442,0.27008683934196709,5,-2.0198056707258355e-19,0,-2.0072235029940465e-19,0,-1,-1,false,false,false
1443,0.27009168458422922,5,-2.0329053969899569e-19,0,-2.0202265804166783e-19,0,-1,-1,false,false,false
1444,0.27009652982649135,5,-2.046008463152349e-19,0,-2.033232969447906e-19,0,-1,-1,false,false,false
1445,0.27010137506875342,5,-2.0591148642693673e-19,0,-2.0462426652459391e-19,0,-1,-1,false,false,false
1446,0.27010622031101555,5,-2.0722245954336791e-19,0,-2.0592556630050655e-19,0,-1,-1,false,false,false
1447,0.27011106555327768,5,-2.0853376517732844e-19,0,-2.0722719579546675e-19,0,-1,-1,false,false,false
1448,0.27011591079553976,5,-2.0984540284521178e-19,0,-2.0852915453598295e-19,0,-1,-1,false,false,false
1449,0.27012075603780189,5,-2.1115737206700997e-19,0,-2.0983144205213798e-19,0,-1,-1,false,false,false
1450,0.27012560128006402,5,-2.1246967236622707e-19,0,-2.1113405787750359e-19,0,-1,-1,false,false,false
1451,0.2701304465223261,5,-2.1378230326991672e-19,0,-2.1243700154917677e-19,0,-1,-1,false,false,false
1452,0.27013529176458823,5,-2.1509526430871186e-19,0,-2.1374027260781134e-19,0,-1,-1,false,false,false
1453,0.27014013700685036,5,-2.1640855501674089e-19,0,-2.1504387059753284e-19,0,-1,-1,false,false,false
1454,0.27014498224911243,5,-2.1772217493163907e-19,0,-2.1634779506595024e-19,0,-1,-1,false,false,false
1455,0.27014982749137456,5,-2.190361235946036e-19,0,-2.1765204556421058e-19,0,-1,-1,false,false,false
1456,0.27015467273363669,5,-2.2035040055028432e-19,0,-2.1895662164689091e-19,0,-1,-1,false,false,false
1457,0.27015951797589882,5,-2.2166500534684056e-19,0,-2.202615228720549e-19,0,-1,-1,false,false,false
1458,0.2701643632181609,5,-2.2297993753590623e-19,0,-2.2156674880121713e-19,0,-1,-1,false,false,false
1459,0.27016920846042303,5,-2.2429519667261506e-19,0,-2.2287229899936877e-19,0,-1,-1,false,false,false
1460,0.27017405370268516,5,-2.2561078231553881e-19,0,-2.2417817303491656e-19,0,-1,-1,false,false,false
1461,0.27017889894494723,5,-2.2692669402669852e-19,0,-2.2548437047969325e-19,0,-1,-1,false,false,false
1462,0.27018374418720936,5,-2.2824293137160107e-19,0,-2.2679089090899384e-19,0,-1,-1,false,false,false
1463,0.27018858942947149,5,-2.2955949391915459e-19,0,-2.2809773390149268e-19,0,-1,-1,false,false,false
1464,0.27019343467173357,5,-2.3087638124170065e-19,0,-2.2940489903927445e-19,0,-1,-1,false,false,false
1465,0.2701982799139957,5,-2.3219359291502338e-19,0,-2.3071238590784367e-19,0,-1,-1,false,false,false
1466,0.27020312515625783,5,-2.3351112851829991e-19,0,-2.3202019409607439e-19,0,-1,-1,false,false,false
1467,0.2702079703985199,5,-2.3482898763408217e-19,0,-2.3332832319619413e-19,0,-1,-1,false,false,false
1468,0.27021281564078203,5,-2.3614716984840184e-19,0,-2.3463677280388627e-19,0,-1,-1,false,false,false
1469,0.27021766088304416,5,-2.3746567475057419e-19,0,-2.3594554251809557e-19,0,-1,-1,false,false,false
1470,0.27022250612530624,5,-2.3878450193333668e-19,0,-2.3725463194116716e-19,0,-1,-1,false,false,false
1471,0.27022735136756837,5,-2.401036509928074e-19,0,-2.3856404067880365e-19,0,-1,-1,false,false,false
1472,0.2702321966098305,5,-2.414231215284431e-19,0,-2.3987376834002432e-19,0,-1,-1,false,false,false
1473,0.27023704185209263,5,-2.4274291314304633e-19,0,-2.4118381453717091e-19,0,-1,-1,false,false,false
1474,0.2702418870943547,5,-2.4406302544275062e-19,0,-2.4249417888589488e-19,0,-1,-1,false,false,false
1475,0.27024673233661684,5,-2.4538345803705965e-19,0,-2.4380486100519552e-19,0,-1,-1,false,false,false
1476,0.27025157757887897,5,-2.4670421053876693e-19,0,-2.4511586051733866e-19,0,-1,-1,false,false,false
1477,0.27025642282114104,5,-2.4802528256397912e-19,0,-2.464271770478833e-19,0,-1,-1,false,false,false
1478,0.27026126806340317,5,-2.4934667373214223e-19,0,-2.4773881022570309e-19,0,-1,-1,false,false,false
1479,0.2702661133056653,5,-2.5066838366596809e-19,0,-2.4905075968291729e-19,0,-1,-1,false,false,false
1480,0.27027095854792738,5,-2.519904119914538e-19,0,-2.5036302505490754e-19,0,-1,-1,false,false,false
1481,0.27027580379018951,5,-2.533127583379084e-19,0,-2.5167560598034588e-19,0,-1,-1,false,false,false
1482,0.27028064903245164,5,-2.5463542233788378e-19,0,-2.5298850210112529e-19,0,-1,-1,false,false,false
1483,0.27028549427471371,5,-2.5595840362718898e-19,0,-2.5430171306237378e-19,0,-1,-1,false,false,false
1484,0.27029033951697584,5,-2.5728170184493251e-19,0,-2.5561523851249683e-19,0,-1,-1,false,false,false
1485,0.27029518475923797,5,-2.5860531663342933e-19,0,-2.5692907810308541e-19,0,-1,-1,false,false,false
1486,0.27030003000150005,5,-2.5992924763821558e-19,0,-2.5824323148892985e-19,0,-1,-1,false,false,false
1487,0.27030487524376218,5,-2.6125349450812095e-19,0,-2.5955769832809102e-19,0,-1,-1,false,false,false
1488,0.27030972048602431,5,-2.6257805689514936e-19,0,-2.608724782817847e-19,0,-1,-1,false,false,false
1489,0.27031456572828644,5,-2.6390293445451355e-19,0,-2.6218757101441172e-19,0,-1,-1,false,false,false
1490,0.27031941097054851,5,-2.6522812684463195e-19,0,-2.6350297619355878e-19,0,-1,-1,false,false,false
1491,0.27032425621281064,5,-2.6655363372717248e-19,0,-2.648186934900394e-19,0,-1,-1,false,false,false
1492,0.27032910145507277,5,-2.6787945476691693e-19,0,-2.6613472257776085e-19,0,-1,-1,false,false,false
1493,0.27033394669733485,5,-2.6920558963185771e-19,0,-2.6745106313381794e-19,0,-1,-1,false,false,false
1494,0.27033879193959698,5,-2.7053203799317992e-19,0,-2.6876771483847864e-19,0,-1,-1,false,false,false
1495,0.27034363718185911,5,-2.7185879952519953e-19,0,-2.7008467737511947e-19,0,-1,-1,false,false,false
1496,0.27034848242412118,5,-2.7318587390538657e-19,0,-2.7140195043025022e-19,0,-1,-1,false,false,false
1497,0.27035332766638331,5,-2.7451326081439876e-19,0,-2.7271953369354668e-19,0,-1,-1,false,false,false
1498,0.27035817290864544,5,-2.7584095993599392e-19,0,-2.7403742685776489e-19,0,-1,-1,false,false,false
1499,0.27036301815090752,5,-2.7716897095704319e-19,0,-2.7535562961875194e-19,0,-1,-1,false,false,false
1500,0.27036786339316965,5,-2.7849729356761191e-19,0,-2.7667414167552841e-19,0,-1,-1,false,false,false
1501,0.27037270863543178,5,-2.7982592746081129e-19,0,-2.7799296273013984e-19,0,-1,-1,false,false,false
1502,0.27037755387769391,5,-2.8115487233288687e-19,0,-2.7931209248774595e-19,0,-1,-1,false,false,false
1503,0.27038239911995599,5,-2.824841278831605e-19,0,-2.8063153065656064e-19,0,-1,-1,false,false,false
1504,0.27038724436221812,5,-2.838136938140956e-19,0,-2.8195127694791929e-19,0,-1,-1,false,false,false
1505,0.27039208960448025,5,-2.8514356983119196e-19,0,-2.8327133107617268e-19,0,-1,-1,false,false,false
1506,0.27039693484674232,5,-2.86473755643017e-19,0,-2.8459169275871914e-19,0,-1,-1,false,false,false
1507,0.27040178008900445,5,-2.8780425096125842e-19,0,-2.8591236171605593e-19,0,-1,-1,false,false,false
1508,0.27040662533126658,5,-2.891350555006134e-19,0,-2.8723333767166865e-19,0,-1,-1,false,false,false
1509,0.27041147057352866,5,-2.9046616897882698e-19,0,-2.8855462035207204e-19,0,-1,-1,false,false,false
1510,0.27041631581579079,5,-2.9179759111673957e-19,0,-2.8987620948685349e-19,0,-1,-1,false,false,false
1511,0.27042116105805292,5,-2.9312932163817608e-19,0,-2.9119810480856678e-19,0,-1,-1,false,false,false
1512,0.27042600630031499,5,-2.9446136026997388e-19,0,-2.9252030605275536e-19,0,-1,-1,false,false,false
1513,0.27043085154257712,5,-2.9579370674208428e-19,0,-2.9384281295805752e-19,0,-1,-1,false,false,false
1514,0.27043569678483925,5,-2.9712636078736657e-19,0,-2.9516562526599967e-19,0,-1,-1,false,false,false
1515,0.27044054202710133,5,-2.9845932214172373e-19,0,-2.9648874272113043e-19,0,-1,-1,false,false,false
1516,0.27044538726936346,5,-2.9979259054406999e-19,0,-2.9781216507098992e-19,0,-1,-1,false,false,false
1517,0.27045023251162559,5,-3.0112616573629666e-19,0,-2.9913589206607649e-19,0,-1,-1,false,false,false
1518,0.27045507775388772,5,-3.0246004746325567e-19,0,-3.0045992345982599e-19,0,-1,-1,false,false,false
1519,0.27045992299614979,5,-3.0379423547278404e-19,0,-3.017842590086426e-19,0,-1,-1,false,false,false
1520,0.27046476823841192,5,-3.0512872951572692e-19,0,-3.0310889847191601e-19,0,-1,-1,false,false,false
1521,0.27046961348067405,5,-3.0646352934582599e-19,0,-3.0443384161191417e-19,0,-1,-1,false,false,false
1522,0.27047445872293613,5,-3.0779863471978306e-19,0,-3.0575908819384453e-19,0,-1,-1,false,false,false
1523,0.27047930396519826,5,-3.0913404539729555e-19,0,-3.0708463798588982e-19,0,-1,-1,false,false,false
1524,0.27048414920746039,5,-3.1046976114094254e-19,0,-3.0841049075909535e-19,0,-1,-1,false,false,false
1525,0.27048899444972246,5,-3.1180578171622871e-19,0,-3.0973664628741221e-19,0,-1,-1,false,false,false
1526,0.27049383969198459,5,-3.1314210689163045e-19,0,-3.1106310434774314e-19,0,-1,-1,false,false,false
1527,0.27049868493424672,5,-3.1447873643848602e-19,0,-3.1238986471983263e-19,0,-1,-1,false,false,false
1528,0.2705035301765088,5,-3.1581567013105312e-19,0,-3.1371692718632537e-19,0,-1,-1,false,false,false
1529,0.27050837541877093,5,-3.1715290774650357e-19,0,-3.1504429153276156e-19,0,-1,-1,false,false,false
1530,0.27051322066103306,5,-3.1849044906489339e-19,0,-3.1637195754754442e-19,0,-1,-1,false,false,false
1531,0.27051806590329519,5,-3.1982829386914481e-19,0,-3.1769992502192477e-19,0,-1,-1,false,false,false
1532,0.27052291114555727,5,-3.2116644194505063e-19,0,-3.1902819375000413e-19,0,-1,-1,false,false,false
1533,0.2705277563878194,5,-3.2250489308133761e-19,0,-3.2035676352879896e-19,0,-1,-1,false,false,false
1534,0.27053260163008153,5,-3.2384364706952007e-19,0,-3.2168563415809312e-19,0,-1,-1,false,false,false
